gene,outlier
Mcavernosa06192,0
Mcavernosa06214,0
Mcavernosa06214,0
Mcavernosa06217,0
Mcavernosa06219,0
Mcavernosa06235,0
Mcavernosa06255,0
Mcavernosa06285,0
Mcavernosa06349,0
Mcavernosa06349,0
Mcavernosa06361,0
Mcavernosa06369,0
Mcavernosa06369,0
Mcavernosa06369,0
Mcavernosa06369,0
Mcavernosa06388,0
Mcavernosa06386,0
Mcavernosa06388,0
Mcavernosa06395,0
Mcavernosa06395,0
Mcavernosa06451,0
Mcavernosa06451,0
Mcavernosa06451,0
Mcavernosa06469,0
Mcavernosa06471,0
Mcavernosa06481,0
Mcavernosa06481,0
Mcavernosa06501,0
Mcavernosa06501,0
Mcavernosa06502,0
Mcavernosa06502,0
Mcavernosa06502,0
Mcavernosa06503,0
Mcavernosa06503,0
Mcavernosa06503,0
Mcavernosa06504,0
Mcavernosa06506,0
Mcavernosa06506,0
Mcavernosa06508,0
Mcavernosa06508,0
Mcavernosa06508,0
Mcavernosa06511,0
Mcavernosa06512,0
Mcavernosa06543,0
Mcavernosa06572,0
Mcavernosa06610,0
Mcavernosa06612,0
Mcavernosa06612,0
Mcavernosa06612,0
Mcavernosa06644,0
Mcavernosa06644,0
Mcavernosa06645,0
Mcavernosa06646,0
Mcavernosa06647,0
Mcavernosa06646,0
Mcavernosa06647,0
Mcavernosa06652,0
Mcavernosa06652,0
Mcavernosa06652,0
Mcavernosa06686,0
Mcavernosa06689,0
Mcavernosa06691,0
Mcavernosa06707,0
Mcavernosa06708,0
Mcavernosa06707,0
Mcavernosa06724,0
Mcavernosa06737,0
Mcavernosa06760,0
Mcavernosa06761,0
Mcavernosa06761,0
Mcavernosa06761,0
Mcavernosa06763,0
Mcavernosa06763,0
Mcavernosa06763,0
Mcavernosa06769,0
Mcavernosa06795,0
Mcavernosa06871,0
Mcavernosa06914,0
Mcavernosa06914,0
Mcavernosa06917,0
Mcavernosa06919,0
Mcavernosa06933,0
Mcavernosa06933,0
Mcavernosa06937,0
Mcavernosa06950,0
Mcavernosa06958,0
Mcavernosa06959,0
Mcavernosa06959,0
Mcavernosa06973,0
Mcavernosa06973,0
Mcavernosa06973,0
Mcavernosa06973,0
Mcavernosa06973,0
Mcavernosa06976,0
Mcavernosa06987,0
Mcavernosa06987,0
Mcavernosa07021,0
Mcavernosa07044,0
Mcavernosa07049,0
Mcavernosa07051,0
Mcavernosa07058,0
Mcavernosa07058,0
Mcavernosa07072,0
Mcavernosa07072,0
Mcavernosa07101,0
Mcavernosa07101,0
Mcavernosa07104,0
Mcavernosa07111,0
Mcavernosa07112,0
Mcavernosa07112,0
Mcavernosa07146,0
Mcavernosa07146,0
Mcavernosa07176,0
Mcavernosa07181,0
Mcavernosa07182,0
Mcavernosa07181,0
Mcavernosa07182,0
Mcavernosa07183,0
Mcavernosa07195,0
Mcavernosa07195,0
Mcavernosa00007,0
Mcavernosa00017,0
Mcavernosa00015,0
Mcavernosa00031,0
Mcavernosa00032,0
Mcavernosa00033,0
Mcavernosa00033,0
Mcavernosa00043,0
Mcavernosa00043,0
Mcavernosa00072,0
Mcavernosa00072,0
Mcavernosa00079,0
Mcavernosa00079,0
Mcavernosa00118,0
Mcavernosa00132,0
Mcavernosa00135,0
Mcavernosa00134,0
Mcavernosa00135,0
Mcavernosa00134,0
Mcavernosa00135,0
Mcavernosa00134,0
Mcavernosa00137,0
Mcavernosa00144,0
Mcavernosa00144,0
Mcavernosa00160,0
Mcavernosa00177,0
Mcavernosa00176,0
Mcavernosa00184,0
Mcavernosa00184,0
Mcavernosa00192,0
Mcavernosa00192,0
Mcavernosa00245,0
Mcavernosa00245,0
Mcavernosa00253,0
Mcavernosa00270,0
Mcavernosa00270,0
Mcavernosa00270,0
Mcavernosa00270,0
Mcavernosa00277,0
Mcavernosa00277,0
Mcavernosa00308,0
Mcavernosa00314,0
Mcavernosa00321,0
Mcavernosa00327,0
Mcavernosa00347,0
Mcavernosa00350,0
Mcavernosa00358,0
Mcavernosa00373,0
Mcavernosa00372,0
Mcavernosa00387,0
Mcavernosa00389,0
Mcavernosa00391,0
Mcavernosa00397,0
Mcavernosa00397,0
Mcavernosa00420,0
Mcavernosa00420,0
Mcavernosa00436,0
Mcavernosa00444,0
Mcavernosa00446,0
Mcavernosa00449,0
Mcavernosa00453,0
Mcavernosa00464,0
Mcavernosa00478,0
Mcavernosa00479,0
Mcavernosa00478,0
Mcavernosa00479,0
Mcavernosa00496,0
Mcavernosa00513,0
Mcavernosa00513,0
Mcavernosa00513,0
Mcavernosa00514,0
Mcavernosa00529,0
Mcavernosa00540,0
Mcavernosa00540,0
Mcavernosa00586,0
Mcavernosa00586,0
Mcavernosa00586,0
Mcavernosa00590,0
Mcavernosa00597,0
Mcavernosa00646,0
Mcavernosa00646,0
Mcavernosa00646,0
Mcavernosa00681,0
Mcavernosa00681,0
Mcavernosa00695,0
Mcavernosa00737,0
Mcavernosa00764,0
Mcavernosa00785,0
Mcavernosa00804,0
Mcavernosa00801,0
Mcavernosa00810,0
Mcavernosa00840,0
Mcavernosa00839,0
Mcavernosa00858,0
Mcavernosa00861,0
Mcavernosa00867,0
Mcavernosa00874,0
Mcavernosa00876,0
Mcavernosa00876,0
Mcavernosa00882,0
Mcavernosa00889,0
Mcavernosa00935,0
Mcavernosa00959,0
Mcavernosa00959,0
Mcavernosa00979,0
Mcavernosa00979,0
Mcavernosa00988,0
Mcavernosa01003,0
Mcavernosa01003,0
Mcavernosa01006,0
Mcavernosa01022,0
Mcavernosa01022,0
Mcavernosa01042,0
Mcavernosa01047,0
Mcavernosa01058,0
Mcavernosa01058,0
Mcavernosa01076,0
Mcavernosa01081,0
Mcavernosa01081,0
Mcavernosa01096,0
Mcavernosa01097,0
Mcavernosa01117,0
Mcavernosa01126,0
Mcavernosa01126,0
Mcavernosa01126,0
Mcavernosa01142,0
Mcavernosa01142,0
Mcavernosa01144,0
Mcavernosa01249,0
Mcavernosa01250,0
Mcavernosa01259,0
Mcavernosa01262,0
Mcavernosa01302,0
Mcavernosa01313,0
Mcavernosa01313,0
Mcavernosa01314,0
Mcavernosa01330,0
Mcavernosa01330,0
Mcavernosa01330,0
Mcavernosa01331,0
Mcavernosa01335,0
Mcavernosa01331,0
Mcavernosa01336,0
Mcavernosa01336,0
Mcavernosa01336,0
Mcavernosa01336,0
Mcavernosa01336,0
Mcavernosa01356,0
Mcavernosa01383,0
Mcavernosa01384,0
Mcavernosa01394,0
Mcavernosa01394,0
Mcavernosa01398,0
Mcavernosa01398,0
Mcavernosa01398,0
Mcavernosa01398,0
Mcavernosa01398,0
Mcavernosa01411,0
Mcavernosa01412,0
Mcavernosa01412,0
Mcavernosa01431,0
Mcavernosa01431,0
Mcavernosa01431,0
Mcavernosa01451,0
Mcavernosa01477,0
Mcavernosa01477,0
Mcavernosa01477,0
Mcavernosa01499,0
Mcavernosa01499,0
Mcavernosa01499,0
Mcavernosa01502,0
Mcavernosa01502,0
Mcavernosa01502,0
Mcavernosa01504,0
Mcavernosa01518,0
Mcavernosa01519,0
Mcavernosa01526,0
Mcavernosa01526,0
Mcavernosa01526,0
Mcavernosa01526,0
Mcavernosa01526,0
Mcavernosa01526,0
Mcavernosa01700,0
Mcavernosa01700,0
Mcavernosa01700,0
Mcavernosa01736,0
Mcavernosa01737,0
Mcavernosa01737,0
Mcavernosa01737,0
Mcavernosa01737,0
Mcavernosa01737,0
Mcavernosa01750,0
Mcavernosa01750,0
Mcavernosa01750,0
Mcavernosa01758,0
Mcavernosa01758,0
Mcavernosa01763,0
Mcavernosa01767,0
Mcavernosa01775,0
Mcavernosa01785,0
Mcavernosa01791,0
Mcavernosa01792,0
Mcavernosa01795,0
Mcavernosa01795,0
Mcavernosa01800,0
Mcavernosa01800,0
Mcavernosa01804,0
Mcavernosa01830,0
Mcavernosa01838,0
Mcavernosa01838,0
Mcavernosa01853,0
Mcavernosa01891,0
Mcavernosa01891,0
Mcavernosa01891,0
Mcavernosa01893,0
Mcavernosa01915,0
Mcavernosa01915,0
Mcavernosa01923,0
Mcavernosa01936,0
Mcavernosa01936,0
Mcavernosa01947,0
Mcavernosa01947,0
Mcavernosa01947,0
Mcavernosa01947,0
Mcavernosa01947,0
Mcavernosa01947,0
Mcavernosa01947,0
Mcavernosa01951,0
Mcavernosa01951,0
Mcavernosa01954,0
Mcavernosa01954,0
Mcavernosa01954,0
Mcavernosa01954,0
Mcavernosa01959,0
Mcavernosa01959,0
Mcavernosa01986,0
Mcavernosa01986,0
Mcavernosa01992,0
Mcavernosa01992,0
Mcavernosa02028,0
Mcavernosa02028,0
Mcavernosa02028,0
Mcavernosa02043,0
Mcavernosa02052,0
Mcavernosa02083,0
Mcavernosa02133,0
Mcavernosa02133,0
Mcavernosa02133,0
Mcavernosa02144,0
Mcavernosa02144,0
Mcavernosa02164,0
Mcavernosa02163,0
Mcavernosa02164,0
Mcavernosa02163,0
Mcavernosa02164,0
Mcavernosa02165,0
Mcavernosa03250,0
Mcavernosa03259,0
Mcavernosa03259,0
Mcavernosa03283,0
Mcavernosa03292,0
Mcavernosa03292,0
Mcavernosa03292,0
Mcavernosa03298,0
Mcavernosa03298,0
Mcavernosa03298,0
Mcavernosa03298,0
Mcavernosa03336,0
Mcavernosa03334,0
Mcavernosa03336,0
Mcavernosa03334,0
Mcavernosa03353,0
Mcavernosa03361,0
Mcavernosa03363,0
Mcavernosa03375,0
Mcavernosa03377,0
Mcavernosa03375,0
Mcavernosa03377,0
Mcavernosa03375,0
Mcavernosa03377,0
Mcavernosa03375,0
Mcavernosa03377,0
Mcavernosa03382,0
Mcavernosa03446,0
Mcavernosa03463,0
Mcavernosa03463,0
Mcavernosa03468,0
Mcavernosa03467,0
Mcavernosa03468,0
Mcavernosa03495,0
Mcavernosa03555,0
Mcavernosa03563,0
Mcavernosa03563,0
Mcavernosa03563,0
Mcavernosa03563,0
Mcavernosa03563,0
Mcavernosa03566,0
Mcavernosa03566,0
Mcavernosa03599,0
Mcavernosa03628,0
Mcavernosa03672,0
Mcavernosa03673,0
Mcavernosa03672,0
Mcavernosa03676,0
Mcavernosa03677,0
Mcavernosa03677,0
Mcavernosa03677,0
Mcavernosa03681,0
Mcavernosa03709,0
Mcavernosa03711,0
Mcavernosa03712,0
Mcavernosa03713,0
Mcavernosa03716,0
Mcavernosa03716,0
Mcavernosa03719,0
Mcavernosa03719,0
Mcavernosa03719,0
Mcavernosa03722,0
Mcavernosa03722,0
Mcavernosa03762,0
Mcavernosa03762,0
Mcavernosa03762,0
Mcavernosa03776,0
Mcavernosa03783,0
Mcavernosa03783,0
Mcavernosa03819,0
Mcavernosa03821,0
Mcavernosa03821,0
Mcavernosa03821,0
Mcavernosa03821,0
Mcavernosa03823,0
Mcavernosa03854,0
Mcavernosa03892,0
Mcavernosa03925,0
Mcavernosa03941,0
Mcavernosa03941,0
Mcavernosa03943,0
Mcavernosa03945,0
Mcavernosa03946,0
Mcavernosa03946,0
Mcavernosa03951,0
Mcavernosa03971,0
Mcavernosa03971,0
Mcavernosa03975,0
Mcavernosa03975,0
Mcavernosa03980,0
Mcavernosa03980,0
Mcavernosa03980,0
Mcavernosa04016,0
Mcavernosa04023,0
Mcavernosa04023,0
Mcavernosa04023,0
Mcavernosa04043,0
Mcavernosa04043,0
Mcavernosa04081,0
Mcavernosa04093,0
Mcavernosa04093,0
Mcavernosa04093,0
Mcavernosa04117,0
Mcavernosa04117,0
Mcavernosa04131,0
Mcavernosa04131,0
Mcavernosa04135,0
Mcavernosa04135,0
Mcavernosa04144,0
Mcavernosa04160,0
Mcavernosa04188,0
Mcavernosa04210,0
Mcavernosa04218,0
Mcavernosa04227,0
Mcavernosa04227,0
Mcavernosa07234,0
Mcavernosa07234,0
Mcavernosa07240,0
Mcavernosa07240,0
Mcavernosa07240,0
Mcavernosa07240,0
Mcavernosa07244,0
Mcavernosa07247,0
Mcavernosa07247,0
Mcavernosa07247,0
Mcavernosa07253,0
Mcavernosa07308,0
Mcavernosa07362,0
Mcavernosa07381,0
Mcavernosa07407,0
Mcavernosa07409,0
Mcavernosa07457,0
Mcavernosa07457,0
Mcavernosa07495,0
Mcavernosa07498,0
Mcavernosa07503,0
Mcavernosa07627,0
Mcavernosa07627,0
Mcavernosa07638,0
Mcavernosa07638,0
Mcavernosa07671,0
Mcavernosa07672,0
Mcavernosa07677,0
Mcavernosa07686,0
Mcavernosa07687,0
Mcavernosa07687,0
Mcavernosa07722,0
Mcavernosa07722,0
Mcavernosa07725,0
Mcavernosa07725,0
Mcavernosa07741,0
Mcavernosa07741,0
Mcavernosa07750,0
Mcavernosa07751,0
Mcavernosa07786,0
Mcavernosa07792,0
Mcavernosa07796,0
Mcavernosa07797,0
Mcavernosa07797,0
Mcavernosa07797,0
Mcavernosa07797,0
Mcavernosa07797,0
Mcavernosa07807,0
Mcavernosa07809,0
Mcavernosa07814,0
Mcavernosa07817,0
Mcavernosa07817,0
Mcavernosa07823,0
Mcavernosa07823,0
Mcavernosa07823,0
Mcavernosa07823,0
Mcavernosa07882,0
Mcavernosa07882,0
Mcavernosa07936,0
Mcavernosa08009,0
Mcavernosa08009,0
Mcavernosa08011,0
Mcavernosa08010,0
Mcavernosa08011,0
Mcavernosa08010,0
Mcavernosa08019,0
Mcavernosa08020,0
Mcavernosa08043,0
Mcavernosa08055,0
Mcavernosa08065,0
Mcavernosa08070,0
Mcavernosa08071,0
Mcavernosa08073,0
Mcavernosa08082,0
Mcavernosa08094,0
Mcavernosa08109,0
Mcavernosa08109,0
Mcavernosa08183,0
Mcavernosa08182,0
Mcavernosa08183,0
Mcavernosa08182,0
Mcavernosa08221,0
Mcavernosa08221,0
Mcavernosa08224,0
Mcavernosa08224,0
Mcavernosa08225,0
Mcavernosa08247,0
Mcavernosa24441,0
Mcavernosa24447,0
Mcavernosa24451,0
Mcavernosa24467,0
Mcavernosa24480,0
Mcavernosa24488,0
Mcavernosa24496,0
Mcavernosa24497,0
Mcavernosa24501,0
Mcavernosa24515,0
Mcavernosa24520,0
Mcavernosa24526,0
Mcavernosa24547,0
Mcavernosa24551,0
Mcavernosa24577,0
Mcavernosa24577,0
Mcavernosa24577,0
Mcavernosa24579,0
Mcavernosa24610,0
Mcavernosa24610,0
Mcavernosa24678,0
Mcavernosa24682,0
Mcavernosa24683,0
Mcavernosa24682,0
Mcavernosa24683,0
Mcavernosa24688,0
Mcavernosa24688,0
Mcavernosa24690,0
Mcavernosa24690,0
Mcavernosa24699,0
Mcavernosa24701,0
Mcavernosa24701,0
Mcavernosa24701,0
Mcavernosa24701,0
Mcavernosa24701,0
Mcavernosa24701,0
Mcavernosa24701,0
Mcavernosa24701,0
Mcavernosa24707,0
Mcavernosa24716,0
Mcavernosa24716,0
Mcavernosa24717,0
Mcavernosa24717,0
Mcavernosa24739,0
Mcavernosa24739,0
Mcavernosa24739,0
Mcavernosa24742,0
Mcavernosa24758,0
Mcavernosa24822,0
Mcavernosa24822,0
Mcavernosa24822,0
Mcavernosa24822,0
Mcavernosa24822,0
Mcavernosa24822,0
Mcavernosa24822,0
Mcavernosa24839,0
Mcavernosa24853,0
Mcavernosa24853,0
Mcavernosa24871,0
Mcavernosa24871,0
Mcavernosa24876,0
Mcavernosa24881,0
Mcavernosa24887,0
Mcavernosa24889,0
Mcavernosa24917,0
Mcavernosa24928,0
Mcavernosa24932,0
Mcavernosa24934,0
Mcavernosa24935,0
Mcavernosa24976,0
Mcavernosa24997,0
Mcavernosa25004,0
Mcavernosa25004,0
Mcavernosa25004,0
Mcavernosa25004,0
Mcavernosa25006,0
Mcavernosa25075,0
Mcavernosa25074,0
Mcavernosa25138,0
Mcavernosa25138,0
Mcavernosa25138,0
Mcavernosa25138,0
Mcavernosa25140,0
Mcavernosa25144,0
Mcavernosa25159,0
Mcavernosa25159,0
Mcavernosa25184,0
Mcavernosa25184,0
Mcavernosa25184,0
Mcavernosa25184,0
Mcavernosa25184,0
Mcavernosa25193,0
Mcavernosa25193,0
Mcavernosa25195,0
Mcavernosa25195,0
Mcavernosa25205,0
Mcavernosa25222,0
Mcavernosa25222,0
Mcavernosa25247,0
Mcavernosa25249,0
Mcavernosa25250,0
Mcavernosa25258,0
Mcavernosa25258,0
Mcavernosa25270,0
Mcavernosa25269,0
Mcavernosa25279,0
Mcavernosa25281,0
Mcavernosa25281,0
Mcavernosa25289,0
Mcavernosa25289,0
Mcavernosa25303,0
Mcavernosa25308,0
Mcavernosa25308,0
Mcavernosa25310,0
Mcavernosa25319,0
Mcavernosa25329,0
Mcavernosa25330,0
Mcavernosa25330,0
Mcavernosa25341,0
Mcavernosa25351,0
Mcavernosa16405,0
Mcavernosa16413,0
Mcavernosa16422,0
Mcavernosa16450,0
Mcavernosa16456,0
Mcavernosa16454,0
Mcavernosa16477,0
Mcavernosa16481,0
Mcavernosa16494,0
Mcavernosa16499,0
Mcavernosa16522,0
Mcavernosa16522,0
Mcavernosa16529,0
Mcavernosa16529,0
Mcavernosa16542,0
Mcavernosa16557,0
Mcavernosa16562,0
Mcavernosa16568,0
Mcavernosa16578,0
Mcavernosa16578,0
Mcavernosa16656,0
Mcavernosa16657,0
Mcavernosa16657,0
Mcavernosa16675,0
Mcavernosa16675,0
Mcavernosa16677,0
Mcavernosa16675,0
Mcavernosa16681,0
Mcavernosa16682,0
Mcavernosa16682,0
Mcavernosa16684,0
Mcavernosa16684,0
Mcavernosa16706,0
Mcavernosa16711,0
Mcavernosa16711,0
Mcavernosa16711,0
Mcavernosa16711,0
Mcavernosa16711,0
Mcavernosa16711,0
Mcavernosa16711,0
Mcavernosa16763,0
Mcavernosa16785,0
Mcavernosa16787,0
Mcavernosa16787,0
Mcavernosa16802,0
Mcavernosa16802,0
Mcavernosa16802,0
Mcavernosa16802,0
Mcavernosa16802,0
Mcavernosa16802,0
Mcavernosa16805,0
Mcavernosa16813,0
Mcavernosa16813,0
Mcavernosa16813,0
Mcavernosa16813,0
Mcavernosa16855,0
Mcavernosa16864,0
Mcavernosa16866,0
Mcavernosa16866,0
Mcavernosa16869,0
Mcavernosa16873,0
Mcavernosa16880,0
Mcavernosa16895,0
Mcavernosa16895,0
Mcavernosa16926,0
Mcavernosa16931,0
Mcavernosa16938,0
Mcavernosa16947,0
Mcavernosa16947,0
Mcavernosa16975,0
Mcavernosa16975,0
Mcavernosa17007,0
Mcavernosa17015,0
Mcavernosa17017,0
Mcavernosa17018,0
Mcavernosa17017,0
Mcavernosa17018,0
Mcavernosa17022,0
Mcavernosa17024,0
Mcavernosa17024,0
Mcavernosa17046,0
Mcavernosa17045,0
Mcavernosa17063,0
Mcavernosa17064,0
Mcavernosa17064,0
Mcavernosa17135,0
Mcavernosa17163,0
Mcavernosa17167,0
Mcavernosa17205,0
Mcavernosa17205,0
Mcavernosa17209,0
Mcavernosa17223,0
Mcavernosa17260,0
Mcavernosa17270,0
Mcavernosa17271,0
Mcavernosa17276,0
Mcavernosa17278,0
Mcavernosa17282,0
Mcavernosa17301,0
Mcavernosa17309,0
Mcavernosa17316,0
Mcavernosa17323,0
Mcavernosa17323,0
Mcavernosa17323,0
Mcavernosa17336,0
Mcavernosa17336,0
Mcavernosa17336,0
Mcavernosa17336,0
Mcavernosa17336,0
Mcavernosa02176,0
Mcavernosa02193,0
Mcavernosa02193,0
Mcavernosa02193,0
Mcavernosa02209,0
Mcavernosa02209,0
Mcavernosa02209,0
Mcavernosa02213,0
Mcavernosa02240,0
Mcavernosa02240,0
Mcavernosa02272,0
Mcavernosa02272,0
Mcavernosa02279,0
Mcavernosa02281,0
Mcavernosa02298,0
Mcavernosa02299,0
Mcavernosa02298,0
Mcavernosa02299,0
Mcavernosa02315,0
Mcavernosa02332,0
Mcavernosa02332,0
Mcavernosa02336,0
Mcavernosa02336,0
Mcavernosa02337,0
Mcavernosa02360,0
Mcavernosa02361,0
Mcavernosa02384,0
Mcavernosa02400,0
Mcavernosa02455,0
Mcavernosa02501,0
Mcavernosa02501,0
Mcavernosa02501,0
Mcavernosa02501,0
Mcavernosa02545,0
Mcavernosa02551,0
Mcavernosa02559,0
Mcavernosa02594,0
Mcavernosa02595,0
Mcavernosa02595,0
Mcavernosa02595,0
Mcavernosa02606,0
Mcavernosa02610,0
Mcavernosa02643,0
Mcavernosa02643,0
Mcavernosa02656,0
Mcavernosa02661,0
Mcavernosa02661,0
Mcavernosa02661,0
Mcavernosa02669,0
Mcavernosa02669,0
Mcavernosa02682,0
Mcavernosa02682,0
Mcavernosa02757,0
Mcavernosa02757,0
Mcavernosa02757,0
Mcavernosa02757,0
Mcavernosa02757,0
Mcavernosa02775,0
Mcavernosa02775,0
Mcavernosa02776,0
Mcavernosa02783,0
Mcavernosa02783,0
Mcavernosa02791,0
Mcavernosa02795,1
Mcavernosa02820,0
Mcavernosa02832,0
Mcavernosa02832,0
Mcavernosa02869,0
Mcavernosa02869,0
Mcavernosa02869,0
Mcavernosa02895,0
Mcavernosa02895,0
Mcavernosa02895,0
Mcavernosa02959,0
Mcavernosa02995,0
Mcavernosa02995,0
Mcavernosa02999,0
Mcavernosa03003,0
Mcavernosa03003,0
Mcavernosa03034,0
Mcavernosa03065,0
Mcavernosa03067,0
Mcavernosa03119,0
Mcavernosa03119,0
Mcavernosa03130,0
Mcavernosa03130,0
Mcavernosa30787,0
Mcavernosa30846,0
Mcavernosa30851,0
Mcavernosa30872,0
Mcavernosa30873,0
Mcavernosa30873,0
Mcavernosa30873,0
Mcavernosa30881,0
Mcavernosa30881,0
Mcavernosa30882,0
Mcavernosa30892,0
Mcavernosa30900,0
Mcavernosa30900,0
Mcavernosa30930,0
Mcavernosa30945,0
Mcavernosa30986,0
Mcavernosa30986,0
Mcavernosa30990,0
Mcavernosa30991,0
Mcavernosa30990,0
Mcavernosa30991,0
Mcavernosa30990,0
Mcavernosa30991,0
Mcavernosa30997,0
Mcavernosa30997,0
Mcavernosa30997,0
Mcavernosa31017,0
Mcavernosa31017,0
Mcavernosa31017,0
Mcavernosa31020,0
Mcavernosa31020,0
Mcavernosa31122,0
Mcavernosa31125,0
Mcavernosa31125,0
Mcavernosa31125,0
Mcavernosa31161,0
Mcavernosa31161,0
Mcavernosa31161,0
Mcavernosa31161,0
Mcavernosa31161,0
Mcavernosa31161,0
Mcavernosa31169,0
Mcavernosa31167,0
Mcavernosa31174,0
Mcavernosa31184,0
Mcavernosa31195,0
Mcavernosa31195,0
Mcavernosa31199,0
Mcavernosa31199,0
Mcavernosa31199,0
Mcavernosa31199,0
Mcavernosa31228,0
Mcavernosa31228,0
Mcavernosa31243,0
Mcavernosa31245,0
Mcavernosa31287,0
Mcavernosa31288,0
Mcavernosa31337,0
Mcavernosa31337,0
Mcavernosa31380,0
Mcavernosa31383,0
Mcavernosa31389,0
Mcavernosa31393,0
Mcavernosa31414,0
Mcavernosa31415,0
Mcavernosa31416,0
Mcavernosa31416,0
Mcavernosa31416,0
Mcavernosa31416,0
Mcavernosa31418,0
Mcavernosa31417,0
Mcavernosa31418,0
Mcavernosa31417,0
Mcavernosa31419,0
Mcavernosa31422,0
Mcavernosa31429,0
Mcavernosa31430,0
Mcavernosa31429,0
Mcavernosa31430,0
Mcavernosa31430,0
Mcavernosa31430,0
Mcavernosa31455,0
Mcavernosa31515,0
Mcavernosa31515,0
Mcavernosa31559,0
Mcavernosa31584,0
Mcavernosa31595,0
Mcavernosa31596,0
Mcavernosa31607,0
Mcavernosa31618,0
Mcavernosa31619,0
Mcavernosa31620,0
Mcavernosa31620,0
Mcavernosa04310,0
Mcavernosa04315,0
Mcavernosa04315,0
Mcavernosa04317,0
Mcavernosa04327,0
Mcavernosa04355,0
Mcavernosa04372,0
Mcavernosa04395,1
Mcavernosa04397,0
Mcavernosa04409,0
Mcavernosa04409,0
Mcavernosa04409,0
Mcavernosa04410,0
Mcavernosa04412,0
Mcavernosa04410,0
Mcavernosa04418,0
Mcavernosa04418,0
Mcavernosa04424,0
Mcavernosa04433,0
Mcavernosa04433,0
Mcavernosa04439,0
Mcavernosa04439,0
Mcavernosa04491,0
Mcavernosa04511,0
Mcavernosa04519,0
Mcavernosa04527,0
Mcavernosa04526,0
Mcavernosa04579,0
Mcavernosa04580,0
Mcavernosa04639,0
Mcavernosa04644,0
Mcavernosa04644,0
Mcavernosa04644,0
Mcavernosa04654,0
Mcavernosa04695,0
Mcavernosa04697,0
Mcavernosa04708,0
Mcavernosa04712,0
Mcavernosa04712,0
Mcavernosa04712,0
Mcavernosa04719,0
Mcavernosa04726,0
Mcavernosa04728,0
Mcavernosa04728,0
Mcavernosa04728,0
Mcavernosa04749,0
Mcavernosa04797,0
Mcavernosa04797,0
Mcavernosa04858,0
Mcavernosa04987,0
Mcavernosa04988,0
Mcavernosa04941,0
Mcavernosa04941,0
Mcavernosa05007,0
Mcavernosa05007,0
Mcavernosa05007,0
Mcavernosa05007,0
Mcavernosa05007,0
Mcavernosa05007,0
Mcavernosa05007,0
Mcavernosa05078,0
Mcavernosa05078,0
Mcavernosa05082,0
Mcavernosa05135,0
Mcavernosa05160,0
Mcavernosa05169,0
Mcavernosa05169,0
Mcavernosa05169,0
Mcavernosa05182,0
Mcavernosa05197,0
Mcavernosa05229,0
Mcavernosa05229,0
Mcavernosa05229,0
Mcavernosa05229,0
Mcavernosa05229,0
Mcavernosa05277,0
Mcavernosa05284,0
Mcavernosa05287,0
Mcavernosa05330,0
Mcavernosa05344,0
Mcavernosa05389,0
Mcavernosa05409,0
Mcavernosa05420,0
Mcavernosa05454,0
Mcavernosa05453,0
Mcavernosa05455,0
Mcavernosa05487,0
Mcavernosa05502,0
Mcavernosa05503,0
Mcavernosa05508,0
Mcavernosa05508,0
Mcavernosa05520,0
Mcavernosa05520,0
Mcavernosa05520,0
Mcavernosa05520,0
Mcavernosa05520,0
Mcavernosa05534,0
Mcavernosa05534,0
Mcavernosa05546,0
Mcavernosa05548,0
Mcavernosa05548,0
Mcavernosa05548,0
Mcavernosa05572,0
Mcavernosa05591,0
Mcavernosa05678,0
Mcavernosa05687,0
Mcavernosa05688,0
Mcavernosa05688,0
Mcavernosa05695,0
Mcavernosa05695,0
Mcavernosa05697,0
Mcavernosa05697,0
Mcavernosa05700,0
Mcavernosa05700,0
Mcavernosa05700,0
Mcavernosa05700,0
Mcavernosa05708,0
Mcavernosa05731,0
Mcavernosa05732,0
Mcavernosa05731,0
Mcavernosa05732,0
Mcavernosa05750,0
Mcavernosa05780,0
Mcavernosa05780,0
Mcavernosa05792,0
Mcavernosa05792,0
Mcavernosa05809,0
Mcavernosa05810,0
Mcavernosa05814,0
Mcavernosa05823,0
Mcavernosa05844,0
Mcavernosa05844,0
Mcavernosa05844,0
Mcavernosa05844,0
Mcavernosa05844,0
Mcavernosa05857,0
Mcavernosa05857,0
Mcavernosa05857,0
Mcavernosa05857,0
Mcavernosa05869,0
Mcavernosa05869,0
Mcavernosa05869,0
Mcavernosa05869,0
Mcavernosa05895,0
Mcavernosa05895,0
Mcavernosa05895,0
Mcavernosa05895,0
Mcavernosa05895,0
Mcavernosa05897,0
Mcavernosa05895,0
Mcavernosa05897,0
Mcavernosa05895,0
Mcavernosa05897,0
Mcavernosa05922,0
Mcavernosa05922,0
Mcavernosa05957,0
Mcavernosa05958,0
Mcavernosa05957,0
Mcavernosa05968,0
Mcavernosa05970,0
Mcavernosa05971,0
Mcavernosa06045,0
Mcavernosa06045,0
Mcavernosa06045,0
Mcavernosa06049,0
Mcavernosa06053,0
Mcavernosa06079,0
Mcavernosa06080,0
Mcavernosa06090,0
Mcavernosa06104,0
Mcavernosa06123,0
Mcavernosa06124,0
Mcavernosa06124,0
Mcavernosa06125,0
Mcavernosa06125,0
Mcavernosa06125,0
Mcavernosa06156,0
Mcavernosa06170,0
Mcavernosa06172,0
Mcavernosa06172,0
Mcavernosa06186,0
Mcavernosa12252,0
Mcavernosa12277,0
Mcavernosa12274,0
Mcavernosa12277,0
Mcavernosa12274,0
Mcavernosa12277,0
Mcavernosa12340,0
Mcavernosa12348,0
Mcavernosa12348,0
Mcavernosa12348,0
Mcavernosa12369,0
Mcavernosa12375,0
Mcavernosa12381,0
Mcavernosa12381,0
Mcavernosa12397,0
Mcavernosa12397,0
Mcavernosa12427,0
Mcavernosa12427,0
Mcavernosa12439,0
Mcavernosa12439,0
Mcavernosa12440,0
Mcavernosa12441,0
Mcavernosa12441,0
Mcavernosa12448,0
Mcavernosa12448,0
Mcavernosa12470,0
Mcavernosa12470,0
Mcavernosa12471,0
Mcavernosa12470,0
Mcavernosa12471,0
Mcavernosa12472,0
Mcavernosa12505,0
Mcavernosa12536,0
Mcavernosa12536,0
Mcavernosa12556,0
Mcavernosa12556,0
Mcavernosa12566,0
Mcavernosa12592,0
Mcavernosa12589,0
Mcavernosa12621,0
Mcavernosa12621,0
Mcavernosa12621,0
Mcavernosa12622,0
Mcavernosa12624,0
Mcavernosa12624,0
Mcavernosa12723,0
Mcavernosa12779,0
Mcavernosa12780,0
Mcavernosa12779,0
Mcavernosa12780,0
Mcavernosa12786,0
Mcavernosa12785,0
Mcavernosa12829,0
Mcavernosa12829,0
Mcavernosa12829,0
Mcavernosa12829,0
Mcavernosa12857,0
Mcavernosa12857,0
Mcavernosa12857,0
Mcavernosa12905,0
Mcavernosa12914,0
Mcavernosa12925,0
Mcavernosa12925,0
Mcavernosa12925,0
Mcavernosa12943,0
Mcavernosa12943,0
Mcavernosa12958,0
Mcavernosa12958,0
Mcavernosa12976,0
Mcavernosa12985,0
Mcavernosa13028,0
Mcavernosa13039,0
Mcavernosa13039,0
Mcavernosa13113,0
Mcavernosa13124,0
Mcavernosa13124,0
Mcavernosa13139,0
Mcavernosa13138,0
Mcavernosa13155,0
Mcavernosa13160,0
Mcavernosa13193,0
Mcavernosa13194,0
Mcavernosa13199,0
Mcavernosa13198,0
Mcavernosa13199,0
Mcavernosa13198,0
Mcavernosa13199,0
Mcavernosa13198,0
Mcavernosa13199,0
Mcavernosa13198,0
Mcavernosa13199,0
Mcavernosa13198,0
Mcavernosa13202,0
Mcavernosa13202,0
Mcavernosa13214,0
Mcavernosa13225,0
Mcavernosa13270,0
Mcavernosa13270,0
Mcavernosa13270,0
Mcavernosa13270,0
Mcavernosa13270,0
Mcavernosa13270,0
Mcavernosa13270,0
Mcavernosa13397,0
Mcavernosa13397,0
Mcavernosa13398,0
Mcavernosa13397,0
Mcavernosa13428,0
Mcavernosa13457,0
Mcavernosa13471,0
Mcavernosa13480,0
Mcavernosa13486,0
Mcavernosa13486,0
Mcavernosa13499,0
Mcavernosa13541,0
Mcavernosa13541,0
Mcavernosa13546,0
Mcavernosa13549,0
Mcavernosa13590,0
Mcavernosa13590,0
Mcavernosa13590,0
Mcavernosa13632,0
Mcavernosa13632,0
Mcavernosa13643,0
Mcavernosa13644,0
Mcavernosa13646,0
Mcavernosa13646,0
Mcavernosa13671,0
Mcavernosa13675,0
Mcavernosa13685,0
Mcavernosa13685,0
Mcavernosa13685,0
Mcavernosa13691,0
Mcavernosa13692,0
Mcavernosa13698,0
Mcavernosa13717,0
Mcavernosa13739,0
Mcavernosa13852,0
Mcavernosa13852,0
Mcavernosa13852,0
Mcavernosa13858,0
Mcavernosa13862,0
Mcavernosa13862,0
Mcavernosa13862,0
Mcavernosa13862,0
Mcavernosa13871,0
Mcavernosa13874,0
Mcavernosa13875,0
Mcavernosa13875,0
Mcavernosa13879,0
Mcavernosa13879,0
Mcavernosa13888,0
Mcavernosa13888,0
Mcavernosa13889,0
Mcavernosa13889,0
Mcavernosa13758,0
Mcavernosa13765,0
Mcavernosa13763,0
Mcavernosa13771,0
Mcavernosa13776,0
Mcavernosa13783,0
Mcavernosa13792,0
Mcavernosa13801,0
Mcavernosa13802,0
Mcavernosa13804,0
Mcavernosa13813,0
Mcavernosa13831,0
Mcavernosa13832,0
Mcavernosa13838,0
Mcavernosa13842,0
Mcavernosa13921,0
Mcavernosa13924,0
Mcavernosa13924,0
Mcavernosa13924,0
Mcavernosa13924,0
Mcavernosa13993,0
Mcavernosa13993,0
Mcavernosa13993,0
Mcavernosa13993,0
Mcavernosa14001,0
Mcavernosa14002,0
Mcavernosa14013,0
Mcavernosa14044,0
Mcavernosa14059,0
Mcavernosa14059,0
Mcavernosa14068,0
Mcavernosa14094,0
Mcavernosa14094,0
Mcavernosa14107,0
Mcavernosa14118,0
Mcavernosa14143,0
Mcavernosa14143,0
Mcavernosa14143,0
Mcavernosa14143,0
Mcavernosa14143,0
Mcavernosa14147,0
Mcavernosa14169,0
Mcavernosa14178,0
Mcavernosa14178,0
Mcavernosa14195,0
Mcavernosa14227,0
Mcavernosa14227,0
Mcavernosa14253,0
Mcavernosa14269,0
Mcavernosa27803,0
Mcavernosa27805,0
Mcavernosa27804,0
Mcavernosa27805,0
Mcavernosa27804,0
Mcavernosa27833,0
Mcavernosa27843,0
Mcavernosa27843,0
Mcavernosa27847,0
Mcavernosa27852,0
Mcavernosa27879,0
Mcavernosa27879,0
Mcavernosa27903,0
Mcavernosa27903,0
Mcavernosa27903,0
Mcavernosa27906,0
Mcavernosa27944,0
Mcavernosa27956,0
Mcavernosa27957,0
Mcavernosa27966,0
Mcavernosa27971,0
Mcavernosa27971,0
Mcavernosa27972,0
Mcavernosa28000,0
Mcavernosa28018,0
Mcavernosa28049,0
Mcavernosa28048,0
Mcavernosa28059,0
Mcavernosa28059,0
Mcavernosa28059,0
Mcavernosa28061,0
Mcavernosa28061,0
Mcavernosa28065,0
Mcavernosa28065,0
Mcavernosa28074,0
Mcavernosa28077,0
Mcavernosa28107,0
Mcavernosa28106,0
Mcavernosa28104,0
Mcavernosa28107,0
Mcavernosa28106,0
Mcavernosa28104,0
Mcavernosa28110,0
Mcavernosa28133,0
Mcavernosa28140,0
Mcavernosa28140,0
Mcavernosa28140,0
Mcavernosa28140,0
Mcavernosa28147,0
Mcavernosa28202,0
Mcavernosa28214,0
Mcavernosa28237,0
Mcavernosa28240,0
Mcavernosa28240,0
Mcavernosa28313,0
Mcavernosa28313,0
Mcavernosa28352,0
Mcavernosa28352,0
Mcavernosa28416,0
Mcavernosa28415,0
Mcavernosa28430,0
Mcavernosa28437,0
Mcavernosa28440,0
Mcavernosa28440,0
Mcavernosa28450,0
Mcavernosa28457,0
Mcavernosa28507,0
Mcavernosa28507,0
Mcavernosa28529,0
Mcavernosa28529,0
Mcavernosa28546,0
Mcavernosa28546,0
Mcavernosa28557,0
Mcavernosa28557,0
Mcavernosa28568,0
Mcavernosa28570,0
Mcavernosa28574,0
Mcavernosa28576,0
Mcavernosa28576,0
Mcavernosa28579,0
Mcavernosa28605,0
Mcavernosa28605,0
Mcavernosa28605,0
Mcavernosa28605,0
Mcavernosa28609,0
Mcavernosa28634,0
Mcavernosa28663,0
Mcavernosa28682,0
Mcavernosa28691,0
Mcavernosa28691,0
Mcavernosa28691,0
Mcavernosa28691,0
Mcavernosa28691,0
Mcavernosa28704,0
Mcavernosa28713,0
Mcavernosa28713,0
Mcavernosa28713,0
Mcavernosa28714,0
Mcavernosa28723,0
Mcavernosa28780,0
Mcavernosa28781,0
Mcavernosa28793,0
Mcavernosa08308,0
Mcavernosa08308,0
Mcavernosa08308,0
Mcavernosa08312,0
Mcavernosa08318,0
Mcavernosa08318,0
Mcavernosa08318,0
Mcavernosa08318,0
Mcavernosa08318,0
Mcavernosa08355,0
Mcavernosa08366,0
Mcavernosa08379,0
Mcavernosa08392,0
Mcavernosa08397,0
Mcavernosa08398,0
Mcavernosa08401,0
Mcavernosa08403,0
Mcavernosa08405,0
Mcavernosa08405,0
Mcavernosa08405,0
Mcavernosa08409,0
Mcavernosa08409,0
Mcavernosa08490,0
Mcavernosa08490,0
Mcavernosa08491,0
Mcavernosa08505,0
Mcavernosa08504,0
Mcavernosa08526,0
Mcavernosa08560,0
Mcavernosa08569,0
Mcavernosa08569,0
Mcavernosa08569,0
Mcavernosa08569,0
Mcavernosa08569,0
Mcavernosa08569,0
Mcavernosa08593,0
Mcavernosa08605,1
Mcavernosa08605,1
Mcavernosa08611,0
Mcavernosa08636,0
Mcavernosa08663,0
Mcavernosa08668,0
Mcavernosa08668,0
Mcavernosa08672,0
Mcavernosa08672,0
Mcavernosa08672,0
Mcavernosa08679,0
Mcavernosa08686,0
Mcavernosa08698,0
Mcavernosa08708,0
Mcavernosa08742,0
Mcavernosa08742,0
Mcavernosa08746,0
Mcavernosa08748,0
Mcavernosa08749,0
Mcavernosa08748,0
Mcavernosa08749,0
Mcavernosa08748,0
Mcavernosa08749,0
Mcavernosa08749,0
Mcavernosa08759,0
Mcavernosa08759,0
Mcavernosa08863,0
Mcavernosa08863,0
Mcavernosa08863,0
Mcavernosa08863,0
Mcavernosa08892,0
Mcavernosa08900,0
Mcavernosa08914,0
Mcavernosa08914,0
Mcavernosa08914,0
Mcavernosa08914,0
Mcavernosa08914,0
Mcavernosa08914,0
Mcavernosa08916,0
Mcavernosa08916,0
Mcavernosa08917,0
Mcavernosa08923,0
Mcavernosa08974,0
Mcavernosa08979,0
Mcavernosa08987,0
Mcavernosa08996,0
Mcavernosa08997,0
Mcavernosa08996,0
Mcavernosa09003,0
Mcavernosa09009,0
Mcavernosa09014,0
Mcavernosa09019,0
Mcavernosa09033,0
Mcavernosa09064,0
Mcavernosa09064,0
Mcavernosa09071,0
Mcavernosa09071,0
Mcavernosa09075,0
Mcavernosa09077,0
Mcavernosa09078,0
Mcavernosa09078,0
Mcavernosa09078,0
Mcavernosa09078,0
Mcavernosa09095,0
Mcavernosa09170,0
Mcavernosa09186,0
Mcavernosa09211,0
Mcavernosa09237,0
Mcavernosa09244,0
Mcavernosa09249,0
Mcavernosa09256,0
Mcavernosa09267,0
Mcavernosa09268,0
Mcavernosa09268,0
Mcavernosa14297,0
Mcavernosa14297,0
Mcavernosa14297,0
Mcavernosa14301,0
Mcavernosa14315,0
Mcavernosa14315,0
Mcavernosa14323,0
Mcavernosa14323,0
Mcavernosa14323,0
Mcavernosa14355,0
Mcavernosa14377,0
Mcavernosa14408,0
Mcavernosa14414,0
Mcavernosa14416,0
Mcavernosa14418,0
Mcavernosa14422,0
Mcavernosa14422,0
Mcavernosa14428,0
Mcavernosa14444,0
Mcavernosa14446,0
Mcavernosa14457,0
Mcavernosa14460,0
Mcavernosa14460,0
Mcavernosa14462,0
Mcavernosa14462,0
Mcavernosa14462,0
Mcavernosa14466,0
Mcavernosa14481,0
Mcavernosa14546,0
Mcavernosa14546,0
Mcavernosa14546,0
Mcavernosa14552,0
Mcavernosa14578,0
Mcavernosa14603,0
Mcavernosa14605,0
Mcavernosa14666,0
Mcavernosa14668,0
Mcavernosa14668,0
Mcavernosa14669,0
Mcavernosa14669,0
Mcavernosa14693,0
Mcavernosa14701,0
Mcavernosa14701,0
Mcavernosa14702,0
Mcavernosa14729,0
Mcavernosa14729,0
Mcavernosa14740,0
Mcavernosa14756,0
Mcavernosa14759,0
Mcavernosa14776,0
Mcavernosa14783,0
Mcavernosa14806,0
Mcavernosa14811,0
Mcavernosa14811,0
Mcavernosa14816,0
Mcavernosa14816,0
Mcavernosa14816,0
Mcavernosa14819,0
Mcavernosa14819,0
Mcavernosa14820,0
Mcavernosa14820,0
Mcavernosa14821,0
Mcavernosa14838,0
Mcavernosa14840,0
Mcavernosa14840,0
Mcavernosa14849,0
Mcavernosa14849,0
Mcavernosa14852,0
Mcavernosa14852,0
Mcavernosa14879,0
Mcavernosa14883,0
Mcavernosa14884,0
Mcavernosa14883,0
Mcavernosa14884,0
Mcavernosa14921,0
Mcavernosa14921,0
Mcavernosa14921,0
Mcavernosa14921,0
Mcavernosa14928,0
Mcavernosa14928,0
Mcavernosa14969,0
Mcavernosa14967,0
Mcavernosa15006,0
Mcavernosa15008,0
Mcavernosa15010,0
Mcavernosa15009,0
Mcavernosa15093,0
Mcavernosa15121,0
Mcavernosa15132,0
Mcavernosa15134,0
Mcavernosa15136,0
Mcavernosa15142,0
Mcavernosa15167,0
Mcavernosa15185,0
Mcavernosa15185,0
Mcavernosa15186,0
Mcavernosa15185,0
Mcavernosa15187,0
Mcavernosa15187,0
Mcavernosa15190,0
Mcavernosa15196,0
Mcavernosa15217,0
Mcavernosa15217,0
Mcavernosa15217,0
Mcavernosa15227,0
Mcavernosa15238,0
Mcavernosa15249,0
Mcavernosa15292,0
Mcavernosa15292,0
Mcavernosa15292,0
Mcavernosa15292,0
Mcavernosa15292,0
Mcavernosa15292,0
Mcavernosa15292,0
Mcavernosa15292,0
Mcavernosa15292,0
Mcavernosa15292,0
Mcavernosa15292,0
Mcavernosa15292,0
Mcavernosa15292,0
Mcavernosa15292,0
Mcavernosa15292,0
Mcavernosa15292,0
Mcavernosa15325,0
Mcavernosa15336,0
Mcavernosa15336,0
Mcavernosa15350,0
Mcavernosa15356,0
Mcavernosa15377,0
Mcavernosa15377,0
Mcavernosa11270,0
Mcavernosa11276,0
Mcavernosa11276,0
Mcavernosa11304,0
Mcavernosa11313,0
Mcavernosa11331,0
Mcavernosa11368,0
Mcavernosa11368,0
Mcavernosa11371,0
Mcavernosa11386,0
Mcavernosa11386,0
Mcavernosa11388,0
Mcavernosa11388,0
Mcavernosa11388,0
Mcavernosa11392,0
Mcavernosa11391,0
Mcavernosa11392,0
Mcavernosa11391,0
Mcavernosa11401,0
Mcavernosa11401,0
Mcavernosa11425,0
Mcavernosa11501,0
Mcavernosa11501,0
Mcavernosa11524,0
Mcavernosa11524,0
Mcavernosa11524,0
Mcavernosa11530,0
Mcavernosa11530,0
Mcavernosa11552,0
Mcavernosa11558,0
Mcavernosa11558,0
Mcavernosa11561,0
Mcavernosa11561,0
Mcavernosa11562,0
Mcavernosa11564,0
Mcavernosa11564,0
Mcavernosa11564,0
Mcavernosa11564,0
Mcavernosa11600,0
Mcavernosa11609,0
Mcavernosa11618,0
Mcavernosa11621,0
Mcavernosa11629,0
Mcavernosa11629,0
Mcavernosa11636,0
Mcavernosa11636,0
Mcavernosa11636,0
Mcavernosa11636,0
Mcavernosa11636,0
Mcavernosa11639,0
Mcavernosa11639,0
Mcavernosa11659,0
Mcavernosa11662,0
Mcavernosa11662,0
Mcavernosa11679,0
Mcavernosa11683,0
Mcavernosa11687,0
Mcavernosa11687,0
Mcavernosa11687,0
Mcavernosa11688,0
Mcavernosa11691,0
Mcavernosa11692,0
Mcavernosa11693,0
Mcavernosa11719,0
Mcavernosa11734,0
Mcavernosa11869,0
Mcavernosa11883,0
Mcavernosa11886,0
Mcavernosa11893,0
Mcavernosa11909,0
Mcavernosa11910,0
Mcavernosa11910,0
Mcavernosa11910,0
Mcavernosa11917,0
Mcavernosa11919,0
Mcavernosa11924,0
Mcavernosa11926,0
Mcavernosa11930,0
Mcavernosa11930,0
Mcavernosa11968,0
Mcavernosa11968,0
Mcavernosa11968,0
Mcavernosa11970,0
Mcavernosa11971,0
Mcavernosa11971,0
Mcavernosa11971,0
Mcavernosa12103,0
Mcavernosa12107,0
Mcavernosa12107,0
Mcavernosa31670,0
Mcavernosa31669,0
Mcavernosa31670,0
Mcavernosa31669,0
Mcavernosa31684,0
Mcavernosa31684,0
Mcavernosa31684,0
Mcavernosa31692,0
Mcavernosa31692,0
Mcavernosa31692,0
Mcavernosa12150,0
Mcavernosa31702,0
Mcavernosa31702,0
Mcavernosa31705,0
Mcavernosa31703,0
Mcavernosa31719,0
Mcavernosa31719,0
Mcavernosa31719,0
Mcavernosa31719,0
Mcavernosa31727,0
Mcavernosa31731,0
Mcavernosa31731,0
Mcavernosa31747,0
Mcavernosa31789,0
Mcavernosa31801,0
Mcavernosa31801,0
Mcavernosa31821,0
Mcavernosa31827,0
Mcavernosa31831,0
Mcavernosa31869,0
Mcavernosa31869,0
Mcavernosa31869,0
Mcavernosa31876,0
Mcavernosa31882,0
Mcavernosa31882,0
Mcavernosa31886,0
Mcavernosa31886,0
Mcavernosa31886,0
Mcavernosa31887,0
Mcavernosa31932,0
Mcavernosa31939,0
Mcavernosa31954,0
Mcavernosa31954,0
Mcavernosa31954,0
Mcavernosa31974,0
Mcavernosa31974,0
Mcavernosa31981,0
Mcavernosa31981,0
Mcavernosa32003,0
Mcavernosa32003,0
Mcavernosa32003,0
Mcavernosa32003,0
Mcavernosa32003,0
Mcavernosa32003,0
Mcavernosa32033,0
Mcavernosa32033,0
Mcavernosa32036,0
Mcavernosa32036,0
Mcavernosa32036,0
Mcavernosa32036,0
Mcavernosa32037,0
Mcavernosa32036,0
Mcavernosa32037,0
Mcavernosa32059,0
Mcavernosa32138,0
Mcavernosa32167,0
Mcavernosa32275,0
Mcavernosa32277,0
Mcavernosa32277,0
Mcavernosa32310,0
Mcavernosa32367,0
Mcavernosa32367,0
Mcavernosa32367,0
Mcavernosa32367,0
Mcavernosa32367,0
Mcavernosa32367,0
Mcavernosa32377,0
Mcavernosa32388,0
Mcavernosa32401,0
Mcavernosa32403,0
Mcavernosa32404,0
Mcavernosa32403,0
Mcavernosa32404,0
Mcavernosa32404,0
Mcavernosa32408,0
Mcavernosa32408,0
Mcavernosa32410,0
Mcavernosa32408,0
Mcavernosa32429,0
Mcavernosa32498,0
Mcavernosa32498,0
Mcavernosa32505,0
Mcavernosa32506,0
Mcavernosa18178,0
Mcavernosa18178,0
Mcavernosa18182,0
Mcavernosa18188,0
Mcavernosa18188,0
Mcavernosa18188,0
Mcavernosa18204,0
Mcavernosa18206,0
Mcavernosa18254,0
Mcavernosa18250,0
Mcavernosa18265,0
Mcavernosa18284,0
Mcavernosa18284,0
Mcavernosa18345,0
Mcavernosa18345,0
Mcavernosa18345,0
Mcavernosa18350,0
Mcavernosa18360,0
Mcavernosa18360,0
Mcavernosa18360,0
Mcavernosa18469,0
Mcavernosa18481,0
Mcavernosa18497,0
Mcavernosa18497,0
Mcavernosa18524,0
Mcavernosa18526,0
Mcavernosa18535,0
Mcavernosa18535,0
Mcavernosa18560,0
Mcavernosa18560,0
Mcavernosa18560,0
Mcavernosa18562,0
Mcavernosa18563,0
Mcavernosa18563,0
Mcavernosa18568,0
Mcavernosa18568,0
Mcavernosa18568,0
Mcavernosa18573,0
Mcavernosa18580,0
Mcavernosa18584,0
Mcavernosa18590,0
Mcavernosa18613,0
Mcavernosa18616,0
Mcavernosa18613,0
Mcavernosa18616,0
Mcavernosa18619,0
Mcavernosa18619,0
Mcavernosa18622,0
Mcavernosa18642,0
Mcavernosa18718,0
Mcavernosa18718,0
Mcavernosa18721,0
Mcavernosa18727,0
Mcavernosa18727,0
Mcavernosa18748,0
Mcavernosa18749,0
Mcavernosa18751,0
Mcavernosa18752,0
Mcavernosa18751,0
Mcavernosa18752,0
Mcavernosa18753,0
Mcavernosa18771,0
Mcavernosa18811,0
Mcavernosa18812,0
Mcavernosa18816,0
Mcavernosa18873,0
Mcavernosa18893,0
Mcavernosa18896,0
Mcavernosa18896,0
Mcavernosa18908,0
Mcavernosa18908,0
Mcavernosa18908,0
Mcavernosa18910,0
Mcavernosa18910,0
Mcavernosa18913,0
Mcavernosa18946,0
Mcavernosa18946,0
Mcavernosa18946,0
Mcavernosa18947,0
Mcavernosa18947,0
Mcavernosa18947,0
Mcavernosa18951,0
Mcavernosa18951,0
Mcavernosa18951,0
Mcavernosa19007,0
Mcavernosa19015,0
Mcavernosa19015,0
Mcavernosa19110,0
Mcavernosa19110,0
Mcavernosa19133,0
Mcavernosa19161,0
Mcavernosa19161,0
Mcavernosa19162,0
Mcavernosa19201,0
Mcavernosa19201,0
Mcavernosa19241,0
Mcavernosa19246,0
Mcavernosa19246,0
Mcavernosa19246,0
Mcavernosa19288,0
Mcavernosa19304,0
Mcavernosa19308,0
Mcavernosa19309,0
Mcavernosa19334,0
Mcavernosa19334,0
Mcavernosa19362,0
Mcavernosa19362,0
Mcavernosa19363,0
Mcavernosa19365,0
Mcavernosa19365,0
Mcavernosa19380,0
Mcavernosa19390,0
Mcavernosa19390,0
Mcavernosa19391,0
Mcavernosa19398,0
Mcavernosa19407,0
Mcavernosa19417,0
Mcavernosa19417,0
Mcavernosa19420,0
Mcavernosa19453,0
Mcavernosa19486,0
Mcavernosa19486,0
Mcavernosa19514,0
Mcavernosa19514,0
Mcavernosa19514,0
Mcavernosa19514,0
Mcavernosa19518,0
Mcavernosa19527,0
Mcavernosa19539,0
Mcavernosa19539,0
Mcavernosa19589,0
Mcavernosa19589,0
Mcavernosa19690,0
Mcavernosa19690,0
Mcavernosa19690,0
Mcavernosa19690,0
Mcavernosa19690,0
Mcavernosa19703,0
Mcavernosa19715,0
Mcavernosa19715,0
Mcavernosa19734,0
Mcavernosa19735,0
Mcavernosa19734,0
Mcavernosa19735,0
Mcavernosa19750,0
Mcavernosa19820,0
Mcavernosa19856,0
Mcavernosa19856,0
Mcavernosa19856,0
Mcavernosa19829,0
Mcavernosa19828,0
Mcavernosa19829,0
Mcavernosa19828,0
Mcavernosa19829,0
Mcavernosa19828,0
Mcavernosa19835,0
Mcavernosa19880,0
Mcavernosa19881,0
Mcavernosa19881,0
Mcavernosa19903,0
Mcavernosa19903,0
Mcavernosa19912,0
Mcavernosa19924,0
Mcavernosa19924,0
Mcavernosa19924,0
Mcavernosa19929,0
Mcavernosa20009,0
Mcavernosa20009,0
Mcavernosa20016,0
Mcavernosa20027,0
Mcavernosa20027,0
Mcavernosa20027,0
Mcavernosa20053,0
Mcavernosa21862,0
Mcavernosa21863,0
Mcavernosa21863,0
Mcavernosa21866,0
Mcavernosa21865,0
Mcavernosa21890,0
Mcavernosa21893,0
Mcavernosa21893,0
Mcavernosa21893,0
Mcavernosa21893,0
Mcavernosa21894,0
Mcavernosa21913,0
Mcavernosa21913,0
Mcavernosa21914,0
Mcavernosa21914,0
Mcavernosa21923,0
Mcavernosa21923,0
Mcavernosa21923,0
Mcavernosa21930,0
Mcavernosa21931,0
Mcavernosa21934,0
Mcavernosa21934,0
Mcavernosa21944,0
Mcavernosa21945,0
Mcavernosa21944,0
Mcavernosa21945,0
Mcavernosa21945,0
Mcavernosa21945,0
Mcavernosa22014,0
Mcavernosa22015,0
Mcavernosa22015,0
Mcavernosa22031,0
Mcavernosa22031,0
Mcavernosa22031,0
Mcavernosa22036,0
Mcavernosa22060,0
Mcavernosa22068,0
Mcavernosa22069,0
Mcavernosa22069,0
Mcavernosa22069,0
Mcavernosa22069,0
Mcavernosa22071,0
Mcavernosa22071,0
Mcavernosa22107,0
Mcavernosa22138,0
Mcavernosa22148,0
Mcavernosa22155,0
Mcavernosa22155,0
Mcavernosa22155,0
Mcavernosa22188,0
Mcavernosa22218,0
Mcavernosa22218,0
Mcavernosa22234,0
Mcavernosa22259,0
Mcavernosa22259,0
Mcavernosa22259,0
Mcavernosa22269,0
Mcavernosa22281,0
Mcavernosa22282,0
Mcavernosa22282,0
Mcavernosa22323,0
Mcavernosa22323,0
Mcavernosa22382,0
Mcavernosa22382,0
Mcavernosa22382,0
Mcavernosa22382,0
Mcavernosa22382,0
Mcavernosa22382,0
Mcavernosa22389,0
Mcavernosa22402,0
Mcavernosa22404,0
Mcavernosa22406,0
Mcavernosa22444,0
Mcavernosa22444,0
Mcavernosa22482,0
Mcavernosa22482,0
Mcavernosa22483,0
Mcavernosa22493,0
Mcavernosa22550,0
Mcavernosa22550,0
Mcavernosa22551,0
Mcavernosa22627,0
Mcavernosa22639,0
Mcavernosa22684,0
Mcavernosa22684,0
Mcavernosa22688,0
Mcavernosa22736,0
Mcavernosa22768,0
Mcavernosa22768,0
Mcavernosa22769,0
Mcavernosa22768,0
Mcavernosa22772,0
Mcavernosa22777,0
Mcavernosa22779,0
Mcavernosa15385,0
Mcavernosa15385,0
Mcavernosa15387,0
Mcavernosa15423,0
Mcavernosa15423,0
Mcavernosa15444,0
Mcavernosa15453,0
Mcavernosa15460,0
Mcavernosa15474,0
Mcavernosa15485,0
Mcavernosa15485,0
Mcavernosa15485,0
Mcavernosa15490,0
Mcavernosa15490,0
Mcavernosa15490,1
Mcavernosa15521,0
Mcavernosa15522,0
Mcavernosa15522,0
Mcavernosa15588,0
Mcavernosa15608,0
Mcavernosa15614,0
Mcavernosa15619,0
Mcavernosa15619,0
Mcavernosa15619,0
Mcavernosa15619,0
Mcavernosa15635,0
Mcavernosa15712,0
Mcavernosa15712,0
Mcavernosa15712,0
Mcavernosa15712,0
Mcavernosa15712,0
Mcavernosa15740,0
Mcavernosa15772,0
Mcavernosa15784,0
Mcavernosa15784,0
Mcavernosa15786,0
Mcavernosa15807,0
Mcavernosa15807,0
Mcavernosa15808,0
Mcavernosa15811,0
Mcavernosa15810,0
Mcavernosa15811,0
Mcavernosa15810,0
Mcavernosa15811,0
Mcavernosa15812,0
Mcavernosa15815,0
Mcavernosa15817,0
Mcavernosa15819,0
Mcavernosa15837,0
Mcavernosa15837,0
Mcavernosa15889,0
Mcavernosa15895,0
Mcavernosa15925,0
Mcavernosa15926,0
Mcavernosa15926,0
Mcavernosa15928,0
Mcavernosa15926,0
Mcavernosa15930,0
Mcavernosa15930,0
Mcavernosa15930,0
Mcavernosa15954,0
Mcavernosa15994,0
Mcavernosa15995,0
Mcavernosa15994,0
Mcavernosa15995,0
Mcavernosa16000,0
Mcavernosa16010,0
Mcavernosa16015,0
Mcavernosa16025,0
Mcavernosa16034,0
Mcavernosa16036,0
Mcavernosa16035,0
Mcavernosa16044,0
Mcavernosa16049,0
Mcavernosa16152,0
Mcavernosa16153,0
Mcavernosa16153,0
Mcavernosa16153,0
Mcavernosa16153,0
Mcavernosa16160,0
Mcavernosa16160,0
Mcavernosa16160,0
Mcavernosa16160,0
Mcavernosa16163,0
Mcavernosa16166,0
Mcavernosa16167,0
Mcavernosa16186,0
Mcavernosa16231,0
Mcavernosa16231,0
Mcavernosa16244,0
Mcavernosa16245,0
Mcavernosa16257,0
Mcavernosa16257,0
Mcavernosa16262,0
Mcavernosa16262,0
Mcavernosa16307,0
Mcavernosa16310,0
Mcavernosa16317,0
Mcavernosa16329,0
Mcavernosa16345,0
Mcavernosa16345,0
Mcavernosa16357,0
Mcavernosa10265,0
Mcavernosa10265,0
Mcavernosa10265,0
Mcavernosa10279,0
Mcavernosa10279,0
Mcavernosa10300,0
Mcavernosa10335,0
Mcavernosa10349,0
Mcavernosa10350,0
Mcavernosa10354,0
Mcavernosa10357,0
Mcavernosa10367,0
Mcavernosa10387,0
Mcavernosa10394,0
Mcavernosa10394,0
Mcavernosa10406,0
Mcavernosa10409,0
Mcavernosa10408,0
Mcavernosa10409,0
Mcavernosa10408,0
Mcavernosa10414,0
Mcavernosa10447,0
Mcavernosa10514,0
Mcavernosa10519,0
Mcavernosa10519,0
Mcavernosa10524,0
Mcavernosa10530,0
Mcavernosa10531,0
Mcavernosa10532,0
Mcavernosa10532,0
Mcavernosa10536,0
Mcavernosa10538,0
Mcavernosa10617,0
Mcavernosa10699,0
Mcavernosa10735,0
Mcavernosa10743,0
Mcavernosa10763,0
Mcavernosa10765,0
Mcavernosa10778,0
Mcavernosa10778,0
Mcavernosa10779,0
Mcavernosa10778,0
Mcavernosa10811,0
Mcavernosa10817,0
Mcavernosa10826,0
Mcavernosa10825,0
Mcavernosa10826,0
Mcavernosa10849,0
Mcavernosa10886,0
Mcavernosa10913,1
Mcavernosa10914,1
Mcavernosa10932,0
Mcavernosa10932,0
Mcavernosa10932,0
Mcavernosa10938,0
Mcavernosa10998,0
Mcavernosa10998,0
Mcavernosa11100,0
Mcavernosa11117,0
Mcavernosa11119,0
Mcavernosa11124,0
Mcavernosa11125,0
Mcavernosa11161,0
Mcavernosa11161,0
Mcavernosa11166,0
Mcavernosa11166,0
Mcavernosa11166,0
Mcavernosa11173,0
Mcavernosa11183,0
Mcavernosa11184,0
Mcavernosa11190,0
Mcavernosa11191,0
Mcavernosa11190,0
Mcavernosa11191,0
Mcavernosa11191,0
Mcavernosa11191,0
Mcavernosa11191,0
Mcavernosa11191,0
Mcavernosa11216,0
Mcavernosa11216,0
Mcavernosa11221,0
Mcavernosa11221,0
Mcavernosa11223,0
Mcavernosa11230,0
Mcavernosa11240,0
Mcavernosa11242,0
Mcavernosa11243,0
Mcavernosa09271,0
Mcavernosa09271,0
Mcavernosa09275,0
Mcavernosa09275,0
Mcavernosa09350,0
Mcavernosa09350,0
Mcavernosa09353,0
Mcavernosa09354,0
Mcavernosa09353,0
Mcavernosa09354,0
Mcavernosa09358,0
Mcavernosa09357,0
Mcavernosa09359,0
Mcavernosa09371,0
Mcavernosa09376,0
Mcavernosa09375,0
Mcavernosa09378,0
Mcavernosa09386,0
Mcavernosa09392,0
Mcavernosa09397,0
Mcavernosa09399,0
Mcavernosa09432,0
Mcavernosa09432,0
Mcavernosa09432,0
Mcavernosa09435,0
Mcavernosa09432,0
Mcavernosa09451,0
Mcavernosa09451,0
Mcavernosa09451,0
Mcavernosa09451,0
Mcavernosa09459,0
Mcavernosa09460,0
Mcavernosa09460,0
Mcavernosa09460,0
Mcavernosa09481,0
Mcavernosa09483,0
Mcavernosa09496,0
Mcavernosa09496,0
Mcavernosa09498,0
Mcavernosa09498,0
Mcavernosa09542,0
Mcavernosa09542,0
Mcavernosa09542,0
Mcavernosa09554,0
Mcavernosa09570,0
Mcavernosa09621,0
Mcavernosa09640,0
Mcavernosa09641,0
Mcavernosa09651,0
Mcavernosa09651,0
Mcavernosa09705,0
Mcavernosa09705,0
Mcavernosa09719,0
Mcavernosa09868,0
Mcavernosa09868,0
Mcavernosa09910,0
Mcavernosa09911,0
Mcavernosa09910,0
Mcavernosa09911,0
Mcavernosa09912,0
Mcavernosa09912,0
Mcavernosa09914,0
Mcavernosa09928,0
Mcavernosa09939,0
Mcavernosa09952,0
Mcavernosa09975,0
Mcavernosa09976,0
Mcavernosa09996,0
Mcavernosa09997,0
Mcavernosa09996,0
Mcavernosa09997,0
Mcavernosa09997,0
Mcavernosa09997,0
Mcavernosa09997,0
Mcavernosa09997,0
Mcavernosa10028,0
Mcavernosa10032,0
Mcavernosa10040,0
Mcavernosa10040,0
Mcavernosa10088,0
Mcavernosa10088,0
Mcavernosa10088,0
Mcavernosa10103,0
Mcavernosa10103,0
Mcavernosa10103,0
Mcavernosa10152,0
Mcavernosa10163,0
Mcavernosa10163,0
Mcavernosa10163,0
Mcavernosa10186,0
Mcavernosa10215,0
Mcavernosa10226,0
Mcavernosa10226,0
Mcavernosa20991,0
Mcavernosa20991,0
Mcavernosa20993,0
Mcavernosa21018,0
Mcavernosa21027,0
Mcavernosa21028,0
Mcavernosa21040,0
Mcavernosa21042,0
Mcavernosa21045,0
Mcavernosa21045,0
Mcavernosa21053,0
Mcavernosa21072,0
Mcavernosa21123,0
Mcavernosa21123,0
Mcavernosa21123,0
Mcavernosa21133,0
Mcavernosa21133,0
Mcavernosa21162,0
Mcavernosa21168,0
Mcavernosa21168,0
Mcavernosa21168,0
Mcavernosa21168,0
Mcavernosa21185,0
Mcavernosa21185,0
Mcavernosa21189,0
Mcavernosa21203,0
Mcavernosa21204,0
Mcavernosa21204,0
Mcavernosa21204,0
Mcavernosa21204,0
Mcavernosa21206,0
Mcavernosa21232,0
Mcavernosa21232,0
Mcavernosa21277,0
Mcavernosa21277,0
Mcavernosa21277,0
Mcavernosa21277,0
Mcavernosa21277,0
Mcavernosa21297,0
Mcavernosa21316,0
Mcavernosa21326,0
Mcavernosa21392,0
Mcavernosa21393,0
Mcavernosa21409,1
Mcavernosa21412,0
Mcavernosa21415,0
Mcavernosa21468,0
Mcavernosa21494,0
Mcavernosa21494,0
Mcavernosa21494,0
Mcavernosa21494,0
Mcavernosa21514,0
Mcavernosa21516,0
Mcavernosa21517,0
Mcavernosa21526,0
Mcavernosa21526,0
Mcavernosa21529,0
Mcavernosa21552,0
Mcavernosa21552,0
Mcavernosa21606,0
Mcavernosa21639,0
Mcavernosa21693,0
Mcavernosa21693,0
Mcavernosa21697,0
Mcavernosa21697,0
Mcavernosa21709,0
Mcavernosa21709,0
Mcavernosa21709,0
Mcavernosa21709,0
Mcavernosa21711,0
Mcavernosa21711,0
Mcavernosa21715,0
Mcavernosa21739,0
Mcavernosa21742,0
Mcavernosa21794,0
Mcavernosa21795,0
Mcavernosa26317,0
Mcavernosa26317,0
Mcavernosa26325,0
Mcavernosa26399,0
Mcavernosa26399,0
Mcavernosa26470,0
Mcavernosa26470,0
Mcavernosa26470,0
Mcavernosa26472,0
Mcavernosa26486,0
Mcavernosa26492,0
Mcavernosa26498,0
Mcavernosa26547,0
Mcavernosa26585,0
Mcavernosa26585,0
Mcavernosa26585,0
Mcavernosa26585,0
Mcavernosa26646,0
Mcavernosa26646,0
Mcavernosa26712,0
Mcavernosa26712,0
Mcavernosa26723,0
Mcavernosa26723,0
Mcavernosa26750,0
Mcavernosa26770,0
Mcavernosa26770,0
Mcavernosa26776,0
Mcavernosa26793,0
Mcavernosa26807,0
Mcavernosa26807,0
Mcavernosa26807,0
Mcavernosa26841,0
Mcavernosa26841,0
Mcavernosa26841,0
Mcavernosa26869,0
Mcavernosa26881,0
Mcavernosa26962,0
Mcavernosa26970,0
Mcavernosa26981,0
Mcavernosa26981,0
Mcavernosa26981,0
Mcavernosa26996,0
Mcavernosa26998,0
Mcavernosa26998,0
Mcavernosa27006,0
Mcavernosa27006,0
Mcavernosa27006,0
Mcavernosa27030,0
Mcavernosa27053,0
Mcavernosa27058,0
Mcavernosa27085,0
Mcavernosa27095,0
Mcavernosa27095,0
Mcavernosa27095,0
Mcavernosa27095,0
Mcavernosa20088,1
Mcavernosa20091,0
Mcavernosa20091,0
Mcavernosa20093,0
Mcavernosa20093,0
Mcavernosa20110,0
Mcavernosa20115,0
Mcavernosa20116,0
Mcavernosa20154,0
Mcavernosa20154,0
Mcavernosa20154,0
Mcavernosa20163,0
Mcavernosa20212,0
Mcavernosa20219,0
Mcavernosa20230,0
Mcavernosa20230,0
Mcavernosa20230,0
Mcavernosa20231,0
Mcavernosa20271,0
Mcavernosa20270,0
Mcavernosa20271,0
Mcavernosa20270,0
Mcavernosa20270,0
Mcavernosa20270,0
Mcavernosa20270,0
Mcavernosa20294,0
Mcavernosa20314,0
Mcavernosa20332,0
Mcavernosa20338,0
Mcavernosa20339,0
Mcavernosa20339,0
Mcavernosa20339,0
Mcavernosa20347,0
Mcavernosa20360,0
Mcavernosa20360,0
Mcavernosa20390,0
Mcavernosa20467,0
Mcavernosa20482,0
Mcavernosa20482,0
Mcavernosa20547,0
Mcavernosa20551,0
Mcavernosa20550,0
Mcavernosa20551,0
Mcavernosa20550,0
Mcavernosa20574,0
Mcavernosa20579,0
Mcavernosa20585,0
Mcavernosa20612,0
Mcavernosa20612,0
Mcavernosa20618,0
Mcavernosa20628,0
Mcavernosa20652,0
Mcavernosa20657,0
Mcavernosa20657,0
Mcavernosa20680,0
Mcavernosa20681,0
Mcavernosa20681,0
Mcavernosa20682,0
Mcavernosa20682,0
Mcavernosa20690,0
Mcavernosa20713,0
Mcavernosa20714,0
Mcavernosa20727,0
Mcavernosa20730,0
Mcavernosa20731,0
Mcavernosa20735,0
Mcavernosa20745,0
Mcavernosa20745,0
Mcavernosa20746,0
Mcavernosa20746,0
Mcavernosa20746,0
Mcavernosa20752,0
Mcavernosa20757,0
Mcavernosa20764,0
Mcavernosa20764,0
Mcavernosa20764,0
Mcavernosa20766,0
Mcavernosa20771,0
Mcavernosa20772,0
Mcavernosa20771,0
Mcavernosa20772,0
Mcavernosa20776,0
Mcavernosa20777,0
Mcavernosa20776,0
Mcavernosa20777,0
Mcavernosa20776,0
Mcavernosa20819,0
Mcavernosa20870,0
Mcavernosa20895,0
Mcavernosa20933,0
Mcavernosa20933,0
Mcavernosa20940,0
Mcavernosa20940,0
Mcavernosa20947,0
Mcavernosa20958,0
Mcavernosa20958,0
Mcavernosa20962,0
Mcavernosa20975,0
Mcavernosa20975,0
Mcavernosa20975,0
Mcavernosa20975,0
Mcavernosa20976,0
Mcavernosa20975,0
Mcavernosa20976,0
Mcavernosa20975,0
Mcavernosa20976,0
Mcavernosa17346,0
Mcavernosa17348,0
Mcavernosa17349,0
Mcavernosa17349,0
Mcavernosa17382,0
Mcavernosa17402,0
Mcavernosa17416,0
Mcavernosa17416,0
Mcavernosa17416,0
Mcavernosa17416,0
Mcavernosa17449,0
Mcavernosa17631,0
Mcavernosa17631,0
Mcavernosa17632,0
Mcavernosa17652,0
Mcavernosa17654,0
Mcavernosa17654,0
Mcavernosa17683,0
Mcavernosa17683,0
Mcavernosa17690,0
Mcavernosa17690,0
Mcavernosa17690,1
Mcavernosa17696,0
Mcavernosa17696,0
Mcavernosa17696,0
Mcavernosa17698,0
Mcavernosa17774,0
Mcavernosa17803,0
Mcavernosa17807,0
Mcavernosa17807,0
Mcavernosa17808,0
Mcavernosa17810,0
Mcavernosa17811,0
Mcavernosa17830,0
Mcavernosa17867,0
Mcavernosa17868,0
Mcavernosa17909,0
Mcavernosa17914,0
Mcavernosa17916,0
Mcavernosa17916,0
Mcavernosa17916,0
Mcavernosa17916,0
Mcavernosa17971,0
Mcavernosa17971,0
Mcavernosa17976,0
Mcavernosa17976,0
Mcavernosa17980,0
Mcavernosa17980,0
Mcavernosa17982,0
Mcavernosa17998,0
Mcavernosa18002,0
Mcavernosa18002,0
Mcavernosa18002,0
Mcavernosa18002,0
Mcavernosa18008,0
Mcavernosa18104,0
Mcavernosa18111,0
Mcavernosa18140,0
Mcavernosa18140,0
Mcavernosa18140,0
Mcavernosa18143,0
Mcavernosa18143,0
Mcavernosa18163,0
Mcavernosa22871,0
Mcavernosa22871,0
Mcavernosa22890,0
Mcavernosa22897,0
Mcavernosa22900,0
Mcavernosa22904,0
Mcavernosa22904,0
Mcavernosa22905,0
Mcavernosa22905,0
Mcavernosa22905,0
Mcavernosa22910,0
Mcavernosa22908,0
Mcavernosa22910,0
Mcavernosa22908,0
Mcavernosa22932,0
Mcavernosa22931,0
Mcavernosa22974,0
Mcavernosa22974,0
Mcavernosa23005,0
Mcavernosa23036,0
Mcavernosa23056,0
Mcavernosa23072,0
Mcavernosa23072,0
Mcavernosa23076,0
Mcavernosa23075,0
Mcavernosa23076,0
Mcavernosa23075,0
Mcavernosa23097,0
Mcavernosa23147,0
Mcavernosa23150,0
Mcavernosa23156,0
Mcavernosa23155,0
Mcavernosa23172,0
Mcavernosa23172,0
Mcavernosa23172,0
Mcavernosa23181,0
Mcavernosa23181,0
Mcavernosa23205,0
Mcavernosa23242,0
Mcavernosa23359,0
Mcavernosa23358,0
Mcavernosa23554,0
Mcavernosa23560,0
Mcavernosa23569,0
Mcavernosa23569,0
Mcavernosa23569,0
Mcavernosa29518,0
Mcavernosa29518,0
Mcavernosa23606,0
Mcavernosa23606,0
Mcavernosa29440,0
Mcavernosa29440,0
Mcavernosa29440,0
Mcavernosa29440,0
Mcavernosa29440,0
Mcavernosa29440,0
Mcavernosa29513,0
Mcavernosa29566,0
Mcavernosa29629,0
Mcavernosa29633,0
Mcavernosa29635,0
Mcavernosa29633,0
Mcavernosa29636,0
Mcavernosa29636,0
Mcavernosa29649,0
Mcavernosa29648,0
Mcavernosa29649,0
Mcavernosa29648,0
Mcavernosa29651,0
Mcavernosa29652,0
Mcavernosa29652,0
Mcavernosa29652,0
Mcavernosa29652,0
Mcavernosa29653,0
Mcavernosa29653,0
Mcavernosa29671,0
Mcavernosa29787,0
Mcavernosa29795,0
Mcavernosa29852,0
Mcavernosa29851,0
Mcavernosa29852,0
Mcavernosa29851,0
Mcavernosa29852,0
Mcavernosa29857,0
Mcavernosa29856,0
Mcavernosa29908,0
Mcavernosa29940,0
Mcavernosa29950,0
Mcavernosa29969,0
Mcavernosa29973,0
Mcavernosa29991,0
Mcavernosa30033,0
Mcavernosa30045,0
Mcavernosa30047,0
Mcavernosa30047,0
Mcavernosa30047,0
Mcavernosa30047,0
Mcavernosa30057,0
Mcavernosa30057,0
Mcavernosa30057,0
Mcavernosa30100,0
Mcavernosa30100,0
Mcavernosa30101,0
Mcavernosa30100,0
Mcavernosa30101,0
Mcavernosa30100,0
Mcavernosa30101,0
Mcavernosa30125,0
Mcavernosa25467,0
Mcavernosa25467,0
Mcavernosa25467,0
Mcavernosa25467,0
Mcavernosa25472,0
Mcavernosa25472,0
Mcavernosa25490,0
Mcavernosa25494,0
Mcavernosa25604,0
Mcavernosa25604,0
Mcavernosa25607,0
Mcavernosa25607,0
Mcavernosa25609,0
Mcavernosa25635,0
Mcavernosa25654,0
Mcavernosa25684,0
Mcavernosa25686,0
Mcavernosa25686,0
Mcavernosa25686,0
Mcavernosa25774,0
Mcavernosa25808,0
Mcavernosa25809,0
Mcavernosa25820,0
Mcavernosa25840,0
Mcavernosa25845,0
Mcavernosa25845,0
Mcavernosa25971,0
Mcavernosa25971,0
Mcavernosa25971,0
Mcavernosa25971,0
Mcavernosa25971,0
Mcavernosa25971,0
Mcavernosa25971,0
Mcavernosa26065,0
Mcavernosa26069,0
Mcavernosa26169,0
Mcavernosa26169,0
Mcavernosa26175,0
Mcavernosa26175,0
Mcavernosa26175,0
Mcavernosa26201,0
Mcavernosa26201,0
Mcavernosa26201,0
Mcavernosa26201,0
Mcavernosa26201,0
Mcavernosa26202,0
Mcavernosa26235,0
Mcavernosa23625,0
Mcavernosa23644,0
Mcavernosa23674,0
Mcavernosa23675,0
Mcavernosa23832,0
Mcavernosa23831,0
Mcavernosa23832,0
Mcavernosa23832,0
Mcavernosa23933,0
Mcavernosa23872,0
Mcavernosa23872,0
Mcavernosa23899,0
Mcavernosa23898,0
Mcavernosa23964,0
Mcavernosa23966,0
Mcavernosa24002,0
Mcavernosa24001,0
Mcavernosa24002,0
Mcavernosa24064,0
Mcavernosa24064,0
Mcavernosa24154,0
Mcavernosa24157,0
Mcavernosa24160,0
Mcavernosa24160,0
Mcavernosa24160,0
Mcavernosa24160,0
Mcavernosa24175,0
Mcavernosa27268,0
Mcavernosa27285,0
Mcavernosa27288,0
Mcavernosa27343,0
Mcavernosa27344,0
Mcavernosa27383,0
Mcavernosa27383,0
Mcavernosa27383,0
Mcavernosa27422,0
Mcavernosa27616,0
Mcavernosa27616,0
Mcavernosa27741,0
Mcavernosa30209,0
Mcavernosa30209,0
Mcavernosa30329,0
Mcavernosa30360,0
Mcavernosa30480,0
Mcavernosa30515,0
Mcavernosa30515,0
Mcavernosa30556,0
Mcavernosa30677,0
Mcavernosa34524,0
Mcavernosa34643,0
Mcavernosa34643,0
Mcavernosa34735,0
Mcavernosa34737,0
Mcavernosa28904,0
Mcavernosa29189,0
Mcavernosa29286,0
Mcavernosa34038,0
Mcavernosa34148,0
Mcavernosa34360,0
Mcavernosa34370,0
Mcavernosa34431,0
Mcavernosa34431,0
Mcavernosa34431,0
Mcavernosa33347,0
Mcavernosa33680,0
Mcavernosa33019,0
Mcavernosa33024,0
Mcavernosa01215,0
Mcavernosa01568,0
Mcavernosa01574,0
Mcavernosa01574,0
Mcavernosa01574,0
Mcavernosa01574,0
Mcavernosa01579,0
Mcavernosa01581,0
Mcavernosa01614,0
Mcavernosa01626,0
Mcavernosa01630,0
Mcavernosa01630,0
Mcavernosa01631,0
Mcavernosa01662,0
Mcavernosa01663,0
Mcavernosa01663,0
Mcavernosa01663,0
Mcavernosa01664,0
Mcavernosa01665,0
Mcavernosa07527,0
Mcavernosa07543,0
Mcavernosa07543,0
Mcavernosa07590,0
Mcavernosa07590,0
Mcavernosa16608,0
Mcavernosa16608,0
Mcavernosa16612,0
Mcavernosa16612,0
Mcavernosa12638,0
Mcavernosa12649,0
Mcavernosa12659,0
Mcavernosa12669,0
Mcavernosa12743,0
Mcavernosa12758,0
Mcavernosa12758,0
Mcavernosa12758,0
Mcavernosa12760,0
Mcavernosa12763,0
Mcavernosa12766,0
Mcavernosa12766,0
Mcavernosa13936,0
Mcavernosa13936,0
Mcavernosa13936,0
Mcavernosa13937,0
Mcavernosa13938,0
Mcavernosa13937,0
Mcavernosa13938,0
Mcavernosa13937,0
Mcavernosa13938,0
Mcavernosa13937,0
Mcavernosa13938,0
Mcavernosa13941,0
Mcavernosa13950,0
Mcavernosa13965,0
Mcavernosa13978,0
Mcavernosa28365,0
Mcavernosa28367,0
Mcavernosa28374,0
Mcavernosa28374,0
Mcavernosa28374,0
Mcavernosa28398,0
Mcavernosa28398,0
Mcavernosa28398,0
Mcavernosa28398,0
Mcavernosa28750,0
Mcavernosa28752,0
Mcavernosa28752,0
Mcavernosa28825,0
Mcavernosa28825,0
Mcavernosa28825,0
Mcavernosa28832,0
Mcavernosa28832,0
Mcavernosa28832,0
Mcavernosa28832,0
Mcavernosa28834,0
Mcavernosa28854,0
Mcavernosa28854,0
Mcavernosa28855,0
Mcavernosa11434,0
Mcavernosa11432,0
Mcavernosa11447,0
Mcavernosa11453,0
Mcavernosa18371,0
Mcavernosa18374,0
Mcavernosa18374,0
Mcavernosa18374,0
Mcavernosa18410,0
Mcavernosa18412,0
Mcavernosa18414,0
Mcavernosa18423,0
Mcavernosa18423,0
Mcavernosa19029,0
Mcavernosa19029,0
Mcavernosa19029,0
Mcavernosa22582,0
Mcavernosa22582,0
Mcavernosa22585,0
Mcavernosa22589,0
Mcavernosa22591,0
Mcavernosa22594,0
Mcavernosa22749,0
Mcavernosa22749,0
Mcavernosa22752,0
Mcavernosa15578,0
Mcavernosa15578,0
Mcavernosa15579,0
Mcavernosa15640,0
Mcavernosa15640,0
Mcavernosa16117,0
Mcavernosa10485,0
Mcavernosa10485,0
Mcavernosa10485,0
Mcavernosa10489,0
Mcavernosa10489,0
Mcavernosa21215,0
Mcavernosa21216,0
Mcavernosa21561,0
Mcavernosa21570,0
Mcavernosa26265,0
Mcavernosa26264,0
Mcavernosa26266,0
Mcavernosa26356,0
Mcavernosa26358,0
Mcavernosa26503,0
Mcavernosa26503,0
Mcavernosa26507,0
Mcavernosa26512,0
Mcavernosa26512,0
Mcavernosa26512,0
Mcavernosa26562,0
Mcavernosa26845,0
Mcavernosa26849,0
Mcavernosa26856,0
Mcavernosa26863,0
Mcavernosa20422,0
Mcavernosa20559,0
Mcavernosa20559,0
Mcavernosa20916,0
Mcavernosa20919,0
Mcavernosa17550,0
Mcavernosa17550,0
Mcavernosa17550,0
Mcavernosa17550,0
Mcavernosa17551,0
Mcavernosa17550,0
Mcavernosa17551,0
Mcavernosa17551,0
Mcavernosa17551,0
Mcavernosa17551,0
Mcavernosa17551,0
Mcavernosa17551,0
Mcavernosa17556,0
Mcavernosa17556,0
Mcavernosa17670,0
Mcavernosa17671,0
Mcavernosa17670,0
Mcavernosa17671,0
Mcavernosa17956,0
Mcavernosa17956,0
Mcavernosa17958,0
Mcavernosa17958,0
Mcavernosa17959,0
Mcavernosa22801,0
Mcavernosa22924,0
Mcavernosa23125,0
Mcavernosa23126,0
Mcavernosa23125,0
Mcavernosa23126,0
Mcavernosa23126,0
Mcavernosa23126,0
Mcavernosa23257,0
Mcavernosa23262,0
Mcavernosa23262,0
Mcavernosa23262,0
Mcavernosa29596,0
Mcavernosa29623,0
Mcavernosa29733,0
Mcavernosa29733,0
Mcavernosa29733,0
Mcavernosa29759,0
Mcavernosa29762,0
Mcavernosa29762,0
Mcavernosa29764,0
Mcavernosa29764,0
Mcavernosa29880,0
Mcavernosa29882,0
Mcavernosa29883,0
Mcavernosa25451,0
Mcavernosa25451,0
Mcavernosa25488,0
Mcavernosa25615,0
Mcavernosa25615,0
Mcavernosa25715,0
Mcavernosa25737,0
Mcavernosa25960,0
Mcavernosa25961,0
Mcavernosa25961,0
Mcavernosa26159,0
Mcavernosa23647,0
Mcavernosa23647,0
Mcavernosa23823,0
Mcavernosa23823,0
Mcavernosa23823,0
Mcavernosa23823,0
Mcavernosa23904,0
Mcavernosa23904,0
Mcavernosa23935,0
Mcavernosa23976,0
Mcavernosa24246,0
Mcavernosa24246,0
Mcavernosa24246,0
Mcavernosa24246,0
Mcavernosa24246,0
Mcavernosa24246,0
Mcavernosa24322,0
Mcavernosa24322,0
Mcavernosa24323,0
Mcavernosa27464,0
Mcavernosa27477,0
Mcavernosa27477,0
Mcavernosa27477,0
Mcavernosa27477,0
Mcavernosa27477,0
Mcavernosa27477,0
Mcavernosa27570,0
Mcavernosa27570,0
Mcavernosa27570,0
Mcavernosa27570,0
Mcavernosa27570,0
Mcavernosa27570,0
Mcavernosa27570,0
Mcavernosa27581,0
Mcavernosa27581,0
Mcavernosa27581,0
Mcavernosa27581,0
Mcavernosa27610,0
Mcavernosa27610,0
Mcavernosa30447,0
Mcavernosa30580,0
Mcavernosa30580,0
Mcavernosa30630,0
Mcavernosa30651,0
Mcavernosa34528,0
Mcavernosa34588,0
Mcavernosa34634,0
Mcavernosa35013,0
Mcavernosa35013,0
Mcavernosa35018,0
Mcavernosa29071,0
Mcavernosa29088,0
Mcavernosa29135,0
Mcavernosa29397,0
Mcavernosa33976,0
Mcavernosa33976,0
Mcavernosa33322,0
Mcavernosa33322,0
Mcavernosa33333,0
Mcavernosa33639,0
Mcavernosa33664,0
Mcavernosa33663,0
Mcavernosa33742,0
Mcavernosa33742,0
Mcavernosa33742,0
Mcavernosa33742,0
Mcavernosa33742,0
Mcavernosa33859,0
Mcavernosa32628,0
Mcavernosa32718,0
Mcavernosa32764,0
Mcavernosa02691,0
Mcavernosa02691,0
Mcavernosa02694,0
Mcavernosa02700,0
Mcavernosa31064,0
Mcavernosa04815,0
Mcavernosa09116,0
Mcavernosa09116,0
Mcavernosa14500,0
Mcavernosa14500,0
Mcavernosa14500,0
Mcavernosa14528,0
Mcavernosa11798,0
Mcavernosa11798,0
Mcavernosa11799,0
Mcavernosa11798,0
Mcavernosa11799,0
Mcavernosa12026,0
Mcavernosa12028,1
Mcavernosa12029,0
Mcavernosa12035,0
Mcavernosa12042,0
Mcavernosa12042,0
Mcavernosa12045,0
Mcavernosa12048,0
Mcavernosa32334,0
Mcavernosa32335,0
Mcavernosa32346,0
Mcavernosa32346,0
Mcavernosa18675,0
Mcavernosa19458,0
Mcavernosa19462,0
Mcavernosa19462,0
Mcavernosa19650,0
Mcavernosa19651,0
Mcavernosa19664,0
Mcavernosa22555,0
Mcavernosa22555,0
Mcavernosa22555,0
Mcavernosa22558,0
Mcavernosa22558,0
Mcavernosa22558,0
Mcavernosa10827,0
Mcavernosa10843,0
Mcavernosa10843,0
Mcavernosa10846,0
Mcavernosa11050,0
Mcavernosa09335,0
Mcavernosa09335,0
Mcavernosa09335,0
Mcavernosa09339,0
Mcavernosa09340,0
Mcavernosa10070,0
Mcavernosa10070,0
Mcavernosa10072,0
Mcavernosa21442,0
Mcavernosa21625,0
Mcavernosa21625,0
Mcavernosa21663,0
Mcavernosa21663,0
Mcavernosa21663,0
Mcavernosa21684,0
Mcavernosa21684,0
Mcavernosa21807,0
Mcavernosa21829,0
Mcavernosa27073,0
Mcavernosa20511,0
Mcavernosa17364,0
Mcavernosa17364,0
Mcavernosa17364,0
Mcavernosa17364,0
Mcavernosa17508,0
Mcavernosa17590,0
Mcavernosa17591,0
Mcavernosa17590,0
Mcavernosa17591,0
Mcavernosa17594,0
Mcavernosa17939,0
Mcavernosa17940,0
Mcavernosa17940,0
Mcavernosa17940,0
Mcavernosa17941,0
Mcavernosa17953,0
Mcavernosa23118,0
Mcavernosa23118,0
Mcavernosa29539,0
Mcavernosa29539,0
Mcavernosa29539,0
Mcavernosa29683,0
Mcavernosa29683,0
Mcavernosa29689,0
Mcavernosa29923,0
Mcavernosa25674,0
Mcavernosa25674,0
Mcavernosa25675,0
Mcavernosa25708,0
Mcavernosa26049,0
Mcavernosa26051,0
Mcavernosa26056,0
Mcavernosa26059,0
Mcavernosa26059,0
Mcavernosa26070,0
Mcavernosa26072,0
Mcavernosa26183,0
Mcavernosa26183,0
Mcavernosa26183,0
Mcavernosa26183,0
Mcavernosa26193,0
Mcavernosa26225,0
Mcavernosa26227,0
Mcavernosa26227,0
Mcavernosa26227,0
Mcavernosa26227,0
Mcavernosa26227,0
Mcavernosa23766,0
Mcavernosa23766,0
Mcavernosa23768,0
Mcavernosa23766,0
Mcavernosa23768,0
Mcavernosa23766,0
Mcavernosa23808,0
Mcavernosa23921,0
Mcavernosa24035,0
Mcavernosa24038,0
Mcavernosa24038,0
Mcavernosa24083,0
Mcavernosa24082,0
Mcavernosa24099,0
Mcavernosa24104,0
Mcavernosa24119,0
Mcavernosa24119,0
Mcavernosa24119,0
Mcavernosa24119,0
Mcavernosa24240,0
Mcavernosa24240,0
Mcavernosa27434,0
Mcavernosa27432,0
Mcavernosa27436,0
Mcavernosa27707,0
Mcavernosa30333,0
Mcavernosa30350,0
Mcavernosa30494,0
Mcavernosa30603,0
Mcavernosa30557,0
Mcavernosa30557,0
Mcavernosa34480,0
Mcavernosa28998,0
Mcavernosa28998,0
Mcavernosa34049,0
Mcavernosa34114,0
Mcavernosa34351,0
Mcavernosa33577,0
Mcavernosa33577,0
Mcavernosa33577,0
Mcavernosa33669,0
Mcavernosa33848,0
Mcavernosa32508,0
Mcavernosa32508,0
Mcavernosa35118,0
Mcavernosa35153,0
Mcavernosa35164,0
Mcavernosa35228,0
Mcavernosa35228,0
