oldFileName,Sample
Mx1-1_GTGT,001
Mx1-2_GTGT,002
Mx1-3_GTGT,003
Mx1-4_GTGT,004
Mx1-5_GTGT,005
Mx1-6_GTGT,006
Mx1-7_GTGT,007
Mx1-8_GTGT,008
Mx1-1_AGAC,009
Mx1-2_AGAC,010
Mx1-3_AGAC,011
Mx1-4_AGAC,012
Mx1-5_AGAC,013
Mx1-6_AGAC,014
Mx1-7_AGAC,015
Mx1-8_AGAC,016
Mx1-1_ACCA,017
Mx1-2_ACCA,018
Mx1-3_ACCA,019
Mx1-4_ACCA,020
Mx1-5_ACCA,021
Mx1-6_ACCA,022
Mx1-7_ACCA,023
Mx1-8_ACCA,024
Mx1-1_AGTG,025
Mx1-2_AGTG,026
Mx1-3_AGTG,027
Mx1-4_AGTG,028
Mx1-5_AGTG,029
Mx1-6_AGTG,030
Mx1-7_AGTG,031
Mx1-8_AGTG,032
Mx1-1_CATC,033
Mx1-2_CATC,034
Mx1-3_CATC,035
Mx1-4_CATC,036
Mx1-5_CATC,037
Mx1-6_CATC,038
Mx1-7_CATC,039
Mx1-8_CATC,040
Mx1-1_GTGA,041
Mx1-2_GTGA,042
Mx1-3_GTGA,043
Mx1-4_GTGA,044
Mx1-5_GTGA,045
Mx1-6_GTGA,046
Mx1-7_GTGA,047
Mx1-8_GTGA,048
Mx1-1_TCAG,049
Mx1-2_TCAG,050
Mx1-3_TCAG,051
Mx1-4_TCAG,052
Mx1-5_TCAG,053
Mx1-6_TCAG,054
Mx1-7_TCAG,055
Mx1-8_TCAG,056
Mx1-1_GCTT,057
Mx1-2_GCTT,058
Mx1-3_GCTT,059
Mx1-4_GCTT,060
Mx1-5_GCTT,061
Mx1-6_GCTT,062
Mx1-7_GCTT,063
Mx1-8_GCTT,064
Mx1-1_CTAC,065
Mx1-2_CTAC,066
Mx1-3_CTAC,067
Mx1-4_CTAC,068
Mx1-5_CTAC,069
Mx1-6_CTAC,070
Mx1-7_CTAC,071
Mx1-8_CTAC,072
Mx1-1_TGTC,073
Mx1-2_TGTC,074
Mx1-3_TGTC,075
Mx1-4_TGTC,076
Mx1-5_TGTC,077
Mx1-6_TGTC,078
Mx1-7_TGTC,079
Mx1-8_TGTC,080
Mx1-1_TCAC,081
Mx1-2_TCAC,082
Mx1-3_TCAC,083
Mx1-4_TCAC,084
Mx1-5_TCAC,085
Mx1-6_TCAC,086
Mx1-7_TCAC,087
Mx1-8_TCAC,088
Mx1-1_GACT,089
Mx1-2_GACT,090
Mx1-3_GACT,091
Mx1-4_GACT,092
Mx1-5_GACT,093
Mx1-6_GACT,094
Mx1-7_GACT,095
Mx1-8_GACT,096
Mx2-1_GTGT,097
Mx2-2_GTGT,098
Mx2-3_GTGT,099
Mx2-4_GTGT,008RE
Mx2-1_AGAC,100
Mx2-2_AGAC,101
Mx2-3_AGAC,102
Mx2-4_AGAC,013RE
Mx2-1_ACCA,103
Mx2-2_ACCA,104
Mx2-3_ACCA,105
Mx2-4_ACCA,016RE
Mx2-1_AGTG,106
Mx2-2_AGTG,107
Mx2-3_AGTG,108
Mx2-4_AGTG,029RE
Mx2-1_CATC,109
Mx2-2_CATC,110
Mx2-3_CATC,111
Mx2-4_CATC,031RE
Mx2-1_GTGA,112
Mx2-2_GTGA,113
Mx2-3_GTGA,114
Mx2-4_GTGA,085RE
Mx2-1_TCAG,115
Mx2-2_TCAG,116
Mx2-3_TCAG,117
Mx2-4_TCAG,106RE
Mx2-1_GCTT,118
Mx2-2_GCTT,119
Mx2-3_GCTT,120
Mx2-4_GCTT,107RE
Mx2-1_CTAC,121
Mx2-2_CTAC,122
Mx2-3_CTAC,123
Mx2-4_CTAC,109RE
Mx2-1_TGTC,124
Mx2-2_TGTC,125
Mx2-3_TGTC,126
Mx2-4_TGTC,112RE
Mx2-1_TCAC,012-2
Mx2-2_TCAC,023-2
Mx2-3_TCAC,070-2
Mx2-4_TCAC,113RE
Mx2-1_GACT,012-3
Mx2-2_GACT,023-3
Mx2-3_GACT,070-3
Mx2-4_GACT,117RE